0,Date,Price,Open,High,Low,Volume,Chg%
1,"Sep 24, 2023","2,345.00","2,350.40","2,383.00","2,325.00",31.46M,-0.42%
2,"Sep 17, 2023","2,354.95","2,440.05","2,451.00","2,350.00",48.00M,-4.19%
3,"Sep 10, 2023","2,457.85","2,452.00","2,483.00","2,426.25",38.50M,0.39%
4,"Sep 03, 2023","2,448.20","2,412.65","2,456.00","2,405.30",31.49M,1.47%
5,"Aug 27, 2023","2,412.65","2,472.00","2,484.00","2,399.90",40.69M,-2.26%
6,"Aug 20, 2023","2,468.35","2,539.95","2,555.45","2,442.60",31.41M,-3.46%
7,"Aug 13, 2023","2,556.80","2,539.00","2,582.80","2,508.55",26.05M,0.38%
8,"Aug 06, 2023","2,547.15","2,521.00","2,558.85","2,481.10",32.48M,1.50%
9,"Jul 30, 2023","2,509.55","2,527.85","2,559.00","2,458.05",31.94M,-0.72%
10,"Jul 23, 2023","2,527.85","2,481.00","2,547.00","2,469.30",43.36M,-0.43%
11,"Jul 16, 2023","2,538.75","2,493.89","2,630.95","2,476.64",74.73M,-7.37%
12,"Jul 09, 2023","2,740.70","2,688.90","2,802.00","2,675.00",47.00M,4.07%
13,"Jul 02, 2023","2,633.60","2,558.05","2,664.95","2,555.35",29.05M,3.27%
14,"Jun 25, 2023","2,550.25","2,507.00","2,556.65","2,486.65",20.69M,1.41%
15,"Jun 18, 2023","2,514.75","2,584.00","2,584.00","2,512.00",16.12M,-2.43%
16,"Jun 11, 2023","2,577.40","2,478.65","2,582.40","2,465.40",11.16M,3.85%
17,"Jun 04, 2023","2,481.95","2,467.20","2,516.85","2,458.45",21.53M,1.09%
18,"May 28, 2023","2,455.20","2,521.00","2,537.70","2,451.00",36.39M,-2.05%
19,"May 21, 2023","2,506.50","2,435.00","2,509.00","2,416.05",21.12M,2.64%
20,"May 14, 2023","2,441.95","2,489.90","2,504.55","2,418.85",19.81M,-1.71%
21,"May 07, 2023","2,484.35","2,450.00","2,509.50","2,444.15",20.31M,1.74%
22,"Apr 30, 2023","2,441.75","2,436.20","2,461.35","2,413.05",17.27M,0.88%
23,"Apr 23, 2023","2,420.50","2,375.00","2,423.90","2,348.00",25.62M,3.04%
24,"Apr 16, 2023","2,349.00","2,424.95","2,424.95","2,326.00",25.50M,-0.28%
25,"Apr 09, 2023","2,355.50","2,350.00","2,367.80","2,321.55",24.95M,0.60%
26,"Apr 02, 2023","2,341.45","2,345.00","2,354.00","2,308.55",20.76M,0.45%
27,"Mar 26, 2023","2,331.05","2,217.50","2,343.45","2,200.20",33.97M,5.80%
28,"Mar 19, 2023","2,203.30","2,215.00","2,291.45","2,180.00",37.14M,-0.89%
29,"Mar 12, 2023","2,223.10","2,329.00","2,344.00","2,202.20",47.49M,-4.29%
30,"Mar 05, 2023","2,322.70","2,400.00","2,424.60","2,315.05",25.62M,-2.63%
31,"Feb 26, 2023","2,385.40","2,382.00","2,393.45","2,313.65",31.72M,0.07%
32,"Feb 19, 2023","2,383.70","2,445.00","2,449.75","2,361.35",24.21M,-2.32%
33,"Feb 12, 2023","2,440.20","2,340.20","2,463.80","2,313.55",40.27M,4.43%
34,"Feb 05, 2023","2,336.65","2,315.00","2,370.85","2,293.00",34.66M,0.33%
35,"Jan 29, 2023","2,329.00","2,331.70","2,387.65","2,293.00",47.15M,-0.36%
36,"Jan 22, 2023","2,337.35","2,449.00","2,466.20","2,311.65",30.30M,-4.31%
37,"Jan 15, 2023","2,442.65","2,472.70","2,491.10","2,427.00",29.86M,-1.01%
38,"Jan 08, 2023","2,467.60","2,545.30","2,606.00","2,434.60",31.65M,-2.73%
39,"Jan 01, 2023","2,536.90","2,550.00","2,579.00","2,504.00",19.49M,-0.40%
40,"Dec 25, 2022","2,547.20","2,514.75","2,577.00","2,492.40",15.43M,1.80%
41,"Dec 18, 2022","2,502.20","2,581.00","2,633.00","2,492.25",19.12M,-2.47%
42,"Dec 11, 2022","2,565.60","2,585.50","2,638.95","2,558.15",22.89M,-1.67%
43,"Dec 04, 2022","2,609.10","2,712.00","2,716.75","2,601.85",24.14M,-4.15%
44,"Nov 27, 2022","2,722.15","2,608.90","2,755.00","2,502.00",41.46M,3.99%
45,"Nov 20, 2022","2,617.60","2,588.00","2,624.90","2,536.50",16.69M,0.77%
46,"Nov 13, 2022","2,597.65","2,630.75","2,642.00","2,571.10",17.45M,-1.30%
47,"Nov 06, 2022","2,631.80","2,591.00","2,636.00","2,563.00",19.07M,1.51%
48,"Oct 30, 2022","2,592.75","2,541.00","2,600.00","2,508.00",25.21M,2.64%
49,"Oct 23, 2022","2,526.15","2,460.00","2,535.00","2,432.80",21.10M,2.21%
50,"Oct 16, 2022","2,471.60","2,355.00","2,527.85","2,343.60",30.16M,4.26%
51,"Oct 09, 2022","2,370.70","2,405.00","2,417.60","2,343.10",18.18M,-2.53%
52,"Oct 02, 2022","2,432.35","2,391.50","2,450.00","2,363.00",19.32M,2.30%
53,"Sep 25, 2022","2,377.75","2,394.05","2,426.00","2,311.00",36.42M,-2.53%
54,"Sep 18, 2022","2,439.50","2,499.20","2,537.70","2,436.10",20.78M,-2.39%
55,"Sep 11, 2022","2,499.20","2,570.55","2,629.70","2,491.00",25.65M,-2.73%
56,"Sep 04, 2022","2,569.30","2,531.00","2,610.00","2,531.00",20.81M,1.53%
57,"Aug 28, 2022","2,530.50","2,585.00","2,655.00","2,525.70",35.02M,-3.34%
58,"Aug 21, 2022","2,618.00","2,617.00","2,670.00","2,586.00",22.21M,0.16%
59,"Aug 14, 2022","2,613.85","2,646.20","2,676.90","2,604.95",13.88M,-0.73%
60,"Aug 07, 2022","2,633.00","2,531.00","2,641.35","2,531.00",19.26M,3.91%
61,"Jul 31, 2022","2,534.00","2,519.15","2,617.75","2,507.60",33.36M,0.98%
62,"Jul 24, 2022","2,509.45","2,467.45","2,517.10","2,402.00",32.63M,0.25%
63,"Jul 17, 2022","2,503.10","2,421.00","2,542.50","2,392.30",38.31M,4.22%
64,"Jul 10, 2022","2,401.80","2,376.50","2,439.70","2,370.00",30.19M,0.43%
65,"Jul 03, 2022","2,391.40","2,378.95","2,464.90","2,366.10",58.04M,-0.72%
66,"Jun 26, 2022","2,408.70","2,544.95","2,615.90","2,365.00",70.78M,-3.65%
67,"Jun 19, 2022","2,500.05","2,605.00","2,617.10","2,445.00",31.42M,-3.47%
68,"Jun 12, 2022","2,590.00","2,650.00","2,672.80","2,554.00",39.27M,-4.58%
69,"Jun 05, 2022","2,714.25","2,780.00","2,814.00","2,701.50",32.91M,-2.35%
70,"May 29, 2022","2,779.50","2,615.00","2,817.35","2,594.20",64.76M,7.94%
71,"May 22, 2022","2,575.10","2,631.50","2,656.70","2,540.10",35.03M,-1.88%
72,"May 15, 2022","2,624.45","2,434.45","2,644.40","2,416.65",38.65M,8.15%
73,"May 08, 2022","2,426.60","2,574.95","2,597.10","2,370.00",43.40M,-7.40%
74,"May 01, 2022","2,620.65","2,762.00","2,805.50","2,593.55",30.26M,-6.08%
75,"Apr 24, 2022","2,790.25","2,742.40","2,856.15","2,663.65",42.67M,1.14%
76,"Apr 17, 2022","2,758.80","2,533.00","2,802.00","2,521.80",45.20M,8.12%
77,"Apr 10, 2022","2,551.65","2,600.00","2,638.55","2,545.50",15.15M,-2.45%
78,"Apr 03, 2022","2,615.65","2,655.45","2,675.00","2,560.00",29.53M,-1.51%
79,"Mar 27, 2022","2,655.85","2,610.00","2,688.00","2,586.50",25.63M,2.31%
80,"Mar 20, 2022","2,595.85","2,444.00","2,616.00","2,439.00",35.72M,4.60%
81,"Mar 13, 2022","2,481.70","2,386.90","2,497.40","2,340.85",26.23M,3.44%
82,"Mar 06, 2022","2,399.15","2,278.70","2,411.00","2,180.00",41.50M,3.16%
83,"Feb 27, 2022","2,325.55","2,243.00","2,414.85","2,243.00",29.43M,1.82%
84,"Feb 20, 2022","2,283.95","2,412.00","2,437.50","2,243.40",32.92M,-5.79%
85,"Feb 13, 2022","2,424.40","2,340.25","2,456.40","2,313.00",23.98M,2.02%
86,"Feb 06, 2022","2,376.40","2,342.00","2,395.70","2,305.00",28.92M,1.93%
87,"Jan 30, 2022","2,331.30","2,360.20","2,420.60","2,321.10",25.84M,-0.19%
88,"Jan 23, 2022","2,335.85","2,475.00","2,504.75","2,305.00",37.41M,-5.73%
89,"Jan 16, 2022","2,477.85","2,538.00","2,565.00","2,452.00",24.85M,-2.41%
90,"Jan 09, 2022","2,539.00","2,452.00","2,567.30","2,416.05",33.25M,4.23%
91,"Jan 02, 2022","2,436.00","2,365.00","2,477.00","2,363.55",25.60M,2.87%
92,"Dec 26, 2021","2,368.15","2,361.55","2,419.00","2,345.60",29.83M,-0.20%
93,"Dec 19, 2021","2,372.80","2,317.85","2,392.00","2,247.10",28.51M,1.38%
94,"Dec 12, 2021","2,340.45","2,473.50","2,474.10","2,320.00",30.49M,-4.82%
95,"Dec 05, 2021","2,458.95","2,416.00","2,474.90","2,357.15",23.95M,2.11%
96,"Nov 28, 2021","2,408.25","2,439.10","2,500.00","2,388.85",45.48M,-0.18%
97,"Nov 21, 2021","2,412.60","2,436.10","2,502.00","2,309.00",57.43M,-2.45%
98,"Nov 14, 2021","2,473.30","2,600.00","2,602.20","2,450.05",16.08M,-4.62%
99,"Nov 07, 2021","2,593.10","2,519.40","2,598.75","2,456.40",30.32M,3.77%
100,"Oct 31, 2021","2,498.85","2,536.25","2,556.00","2,461.00",18.34M,-1.47%
101,"Oct 24, 2021","2,536.25","2,680.00","2,680.00","2,501.70",28.13M,-3.47%
102,"Oct 17, 2021","2,627.40","2,668.60","2,751.35","2,603.20",30.92M,-2.70%
103,"Oct 10, 2021","2,700.40","2,701.40","2,720.00","2,641.25",18.48M,1.09%
104,"Oct 03, 2021","2,671.25","2,553.00","2,684.40","2,537.05",26.22M,5.85%
105,"Sep 26, 2021","2,523.70","2,487.00","2,570.00","2,475.30",30.31M,1.65%
106,"Sep 19, 2021","2,482.70","2,372.10","2,505.45","2,370.00",29.37M,3.85%
107,"Sep 12, 2021","2,390.55","2,433.00","2,455.85","2,366.00",38.13M,-1.45%
108,"Sep 05, 2021","2,425.60","2,413.00","2,480.00","2,406.65",34.27M,1.55%
109,"Aug 29, 2021","2,388.50","2,250.00","2,395.00","2,236.80",42.59M,7.23%
110,"Aug 22, 2021","2,227.40","2,174.00","2,244.90","2,132.30",29.61M,3.68%
111,"Aug 15, 2021","2,148.25","2,149.35","2,203.00","2,128.15",24.97M,0.12%
112,"Aug 08, 2021","2,145.65","2,081.00","2,149.90","2,066.50",22.85M,2.71%
113,"Aug 01, 2021","2,089.05","2,054.30","2,154.80","2,041.15",34.05M,2.64%
114,"Jul 25, 2021","2,035.30","2,108.00","2,121.00","2,016.25",28.26M,-3.34%
115,"Jul 18, 2021","2,105.70","2,100.00","2,134.45","2,084.00",15.23M,-0.32%
116,"Jul 11, 2021","2,112.40","2,079.75","2,114.75","2,074.50",19.43M,1.99%
117,"Jul 04, 2021","2,071.20","2,136.45","2,153.55","2,066.10",24.21M,-2.72%
118,"Jun 27, 2021","2,129.05","2,122.00","2,132.90","2,081.00",43.29M,1.17%
119,"Jun 20, 2021","2,104.45","2,203.50","2,261.00","2,081.10",87.01M,-5.45%
120,"Jun 13, 2021","2,225.65","2,215.00","2,274.90","2,179.90",42.19M,0.56%
121,"Jun 06, 2021","2,213.15","2,202.00","2,242.00","2,157.95",30.15M,1.03%
122,"May 30, 2021","2,190.50","2,102.00","2,250.00","2,085.05",69.32M,4.57%
123,"May 23, 2021","2,094.80","2,008.00","2,105.00","1,960.00",52.66M,4.61%
124,"May 16, 2021","2,002.55","1,937.30","2,016.45","1,930.40",28.83M,3.37%
125,"May 09, 2021","1,937.30","1,939.00","1,946.80","1,906.00",24.87M,0.29%
126,"May 02, 2021","1,931.75","1,966.00","1,979.00","1,906.60",39.13M,-3.15%
127,"Apr 25, 2021","1,994.50","1,920.00","2,044.50","1,911.50",43.94M,4.73%
128,"Apr 18, 2021","1,904.35","1,904.00","1,919.00","1,876.70",28.61M,-1.44%
129,"Apr 11, 2021","1,932.10","1,959.00","1,961.40","1,900.25",34.93M,-2.52%
130,"Apr 04, 2021","1,982.05","2,024.95","2,046.90","1,962.10",38.10M,-1.97%
131,"Mar 28, 2021","2,021.85","2,008.00","2,049.90","1,991.55",22.34M,1.36%
132,"Mar 21, 2021","1,994.65","2,071.00","2,109.70","1,973.70",43.84M,-4.20%
133,"Mar 14, 2021","2,082.00","2,140.05","2,148.90","1,982.80",51.79M,-2.60%
134,"Mar 07, 2021","2,137.60","2,168.50","2,231.90","2,123.90",29.10M,-1.89%
135,"Feb 28, 2021","2,178.70","2,110.20","2,219.90","2,062.50",52.47M,4.45%
136,"Feb 21, 2021","2,085.80","2,080.00","2,152.00","1,994.95",61.19M,0.26%
137,"Feb 14, 2021","2,080.30","2,048.05","2,108.40","2,025.00",47.54M,1.90%
138,"Feb 07, 2021","2,041.60","1,933.05","2,078.00","1,927.30",62.33M,6.13%
139,"Jan 31, 2021","1,923.75","1,859.40","1,952.00","1,848.00",70.07M,4.44%
140,"Jan 24, 2021","1,841.95","2,034.95","2,034.95","1,830.00",80.47M,-10.13%
141,"Jan 17, 2021","2,049.60","1,949.10","2,120.00","1,923.35",77.37M,5.79%
142,"Jan 10, 2021","1,937.45","1,938.80","1,974.95","1,892.50",66.10M,0.19%
143,"Jan 03, 2021","1,933.70","1,995.10","1,998.90","1,905.15",71.49M,-2.71%
144,"Dec 27, 2020","1,987.50","2,006.70","2,018.00","1,975.55",40.00M,-0.33%
145,"Dec 20, 2020","1,994.15","2,010.00","2,022.00","1,855.25",51.94M,0.13%
146,"Dec 13, 2020","1,991.55","2,007.95","2,015.00","1,961.10",42.99M,-0.71%
147,"Dec 06, 2020","2,005.80","1,940.60","2,038.00","1,940.60",61.76M,3.03%
148,"Nov 29, 2020","1,946.75","1,940.35","1,981.10","1,930.05",40.70M,0.88%
149,"Nov 22, 2020","1,929.80","1,951.00","1,992.95","1,921.40",84.03M,1.60%
150,"Nov 15, 2020","1,899.50","2,014.90","2,085.00","1,895.00",77.27M,-4.85%
151,"Nov 08, 2020","1,996.40","2,062.10","2,095.00","1,965.00",99.19M,-1.61%
152,"Nov 01, 2020","2,029.15","2,027.00","2,040.00","1,835.10",171.73M,-1.23%
153,"Oct 25, 2020","2,054.50","2,101.95","2,101.95","1,991.00",77.72M,-2.77%
154,"Oct 18, 2020","2,113.05","2,190.05","2,228.70","2,091.00",63.68M,-2.88%
155,"Oct 11, 2020","2,175.80","2,235.00","2,304.00","2,172.65",48.78M,-2.58%
156,"Oct 04, 2020","2,233.45","2,244.00","2,309.00","2,201.65",60.06M,0.37%
157,"Sep 27, 2020","2,225.25","2,227.00","2,267.00","2,207.05",41.89M,1.07%
158,"Sep 20, 2020","2,201.70","2,300.00","2,336.00","2,167.30",78.28M,-4.51%
159,"Sep 13, 2020","2,305.70","2,325.00","2,369.35","2,276.55",75.73M,-0.61%
160,"Sep 06, 2020","2,319.75","2,084.00","2,344.95","2,044.25",140.49M,11.67%
161,"Aug 30, 2020","2,077.25","2,174.00","2,174.00","2,060.35",80.63M,-1.84%
162,"Aug 23, 2020","2,116.15","2,091.40","2,150.00","2,047.00",77.18M,1.65%
163,"Aug 16, 2020","2,081.85","2,105.00","2,154.00","2,070.10",66.20M,-1.51%
164,"Aug 09, 2020","2,113.80","2,159.10","2,165.00","2,089.25",74.81M,-1.52%
165,"Aug 02, 2020","2,146.45","2,051.30","2,196.00","2,000.25",136.43M,3.84%
166,"Jul 26, 2020","2,067.10","2,178.80","2,198.80","2,052.80",164.25M,-3.68%
167,"Jul 19, 2020","2,146.15","1,917.80","2,163.00","1,899.65",146.51M,12.26%
168,"Jul 12, 2020","1,911.70","1,903.35","1,978.80","1,798.00",178.74M,1.79%
169,"Jul 05, 2020","1,878.05","1,805.00","1,884.60","1,786.25",87.03M,5.04%
170,"Jun 28, 2020","1,787.90","1,728.05","1,793.00","1,695.55",65.81M,2.66%
171,"Jun 21, 2020","1,741.65","1,773.40","1,804.20","1,711.70",101.69M,-1.01%
172,"Jun 14, 2020","1,759.40","1,565.00","1,788.80","1,561.10",134.92M,10.74%
173,"Jun 07, 2020","1,588.80","1,618.40","1,618.40","1,497.00",63.85M,0.45%
174,"May 31, 2020","1,581.70","1,480.00","1,618.00","1,475.95",71.43M,8.01%
175,"May 24, 2020","1,464.40","1,448.15","1,479.75","1,412.00",68.78M,2.29%
176,"May 17, 2020","1,431.55","1,470.00","1,482.00","1,393.00",109.58M,-1.91%
177,"May 10, 2020","1,459.40","1,565.16","1,599.83","1,415.10",159.50M,-5.67%
178,"May 03, 2020","1,547.14","1,426.48","1,565.06","1,404.14",126.06M,6.53%
179,"Apr 26, 2020","1,452.23","1,420.54","1,480.91","1,379.08",113.43M,3.46%
180,"Apr 19, 2020","1,403.69","1,214.49","1,480.91","1,153.07",203.31M,15.77%
181,"Apr 12, 2020","1,212.51","1,192.65","1,224.39","1,132.27",59.87M,0.33%
182,"Apr 05, 2020","1,208.49","1,091.75","1,221.22","1,089.67",63.36M,13.23%
183,"Mar 29, 2020","1,067.33","1,030.83","1,123.80","1,010.42",72.68M,1.11%
184,"Mar 22, 2020","1,055.59",907.60,"1,140.74",867.43,113.97M,4.68%
185,"Mar 15, 2020","1,008.39","1,050.59","1,069.56",883.82,116.96M,-7.90%
186,"Mar 08, 2020","1,094.92","1,228.41","1,229.35",933.55,127.85M,-13.04%
187,"Mar 01, 2020","1,259.06","1,342.38","1,356.15","1,229.45",66.11M,-4.34%
188,"Feb 23, 2020","1,316.17","1,455.95","1,463.13","1,312.56",65.92M,-10.59%
189,"Feb 16, 2020","1,472.00","1,475.02","1,493.84","1,443.71",25.50M,-0.11%
190,"Feb 09, 2020","1,473.63","1,414.59","1,487.35","1,397.21",35.75M,3.76%
191,"Feb 02, 2020","1,420.19","1,392.10","1,453.22","1,350.25",58.35M,1.56%
192,"Jan 26, 2020","1,398.40","1,500.68","1,510.14","1,393.99",55.30M,-7.22%
193,"Jan 19, 2020","1,507.26","1,593.89","1,593.89","1,504.29",40.46M,-3.76%
194,"Jan 12, 2020","1,566.15","1,530.54","1,570.07","1,503.99",42.56M,2.15%
195,"Jan 05, 2020","1,533.12","1,505.73","1,543.32","1,483.93",39.09M,0.68%
196,"Dec 29, 2019","1,522.72","1,531.43","1,533.12","1,491.36",42.47M,-0.34%
197,"Dec 22, 2019","1,527.87","1,545.45","1,562.74","1,495.97",41.81M,-3.55%
198,"Dec 15, 2019","1,584.08","1,577.05","1,602.36","1,540.94",40.95M,1.02%
199,"Dec 08, 2019","1,568.04","1,541.54","1,575.07","1,531.98",26.85M,1.80%
200,"Dec 01, 2019","1,540.30","1,584.98","1,599.29","1,519.35",45.33M,0.24%
201,"Nov 24, 2019","1,536.58","1,536.58","1,569.28","1,533.32",42.66M,0.30%
202,"Nov 17, 2019","1,531.98","1,458.82","1,557.64","1,441.73",57.71M,5.14%
203,"Nov 10, 2019","1,457.04","1,425.59","1,472.84","1,409.19",30.71M,1.75%
204,"Nov 03, 2019","1,431.93","1,452.14","1,457.19","1,415.09",31.14M,-0.78%
205,"Oct 27, 2019","1,443.22","1,427.47","1,475.66","1,416.57",36.22M,1.80%
206,"Oct 20, 2019","1,417.76","1,411.62","1,427.92","1,370.16",38.03M,1.05%
207,"Oct 13, 2019","1,403.05","1,352.13","1,414.49","1,338.17",39.98M,4.71%
208,"Oct 06, 2019","1,339.90","1,295.82","1,356.15","1,280.36",36.58M,3.40%
209,"Sep 29, 2019","1,295.82","1,297.70","1,329.40","1,269.27",33.09M,-0.07%
210,"Sep 22, 2019","1,296.76","1,262.19","1,302.65","1,223.40",51.77M,4.36%
211,"Sep 15, 2019","1,242.57","1,177.83","1,257.98","1,161.64",52.17M,2.35%
212,"Sep 08, 2019","1,214.09","1,209.19","1,228.80","1,194.38",22.48M,0.25%
213,"Sep 01, 2019","1,211.02","1,230.58","1,231.33","1,174.91",45.16M,-2.09%
214,"Aug 25, 2019","1,236.83","1,281.85","1,281.85","1,209.54",47.46M,-2.14%
215,"Aug 18, 2019","1,263.87","1,269.02","1,284.62","1,214.98",35.68M,-0.17%
216,"Aug 11, 2019","1,266.00","1,221.57","1,292.20","1,214.49",73.14M,9.97%
217,"Aug 04, 2019","1,151.19","1,156.04","1,164.46","1,085.02",63.68M,-1.88%
218,"Jul 28, 2019","1,173.23","1,205.47","1,210.53","1,139.55",48.97M,-2.43%
219,"Jul 21, 2019","1,202.40","1,239.25","1,281.75","1,198.64",49.28M,-2.82%
220,"Jul 14, 2019","1,237.27","1,272.93","1,284.82","1,231.03",26.99M,-2.46%
221,"Jul 07, 2019","1,268.48","1,246.19","1,287.79","1,233.81",31.32M,1.36%
222,"Jun 30, 2019","1,251.49","1,246.24","1,278.88","1,234.75",24.33M,0.82%
223,"Jun 23, 2019","1,241.33","1,260.20","1,292.35","1,236.93",37.69M,-2.06%
224,"Jun 16, 2019","1,267.48","1,307.60","1,307.60","1,250.74",37.00M,-2.89%
225,"Jun 09, 2019","1,305.18","1,308.50","1,325.83","1,296.36",29.62M,0.20%
226,"Jun 02, 2019","1,302.55","1,322.46","1,361.35","1,293.34",30.22M,-1.15%
227,"May 26, 2019","1,317.66","1,324.55","1,329.40","1,291.90",56.97M,-0.50%
228,"May 19, 2019","1,324.30","1,301.27","1,378.93","1,291.26",66.02M,5.48%
229,"May 12, 2019","1,255.50","1,236.18","1,266.00","1,215.97",47.16M,1.30%
230,"May 05, 2019","1,239.40","1,384.87","1,389.63","1,233.31",62.04M,-11.19%
231,"Apr 28, 2019","1,395.62","1,383.29","1,404.19","1,353.97",25.65M,1.15%
232,"Apr 21, 2019","1,379.72","1,347.23","1,399.14","1,328.70",48.48M,0.49%
233,"Apr 14, 2019","1,372.94","1,332.37","1,376.70","1,322.46",30.43M,3.19%
234,"Apr 07, 2019","1,330.49","1,343.27","1,344.75","1,308.60",37.85M,-0.80%
235,"Mar 31, 2019","1,341.19","1,357.14","1,393.59","1,330.39",41.45M,-0.69%
236,"Mar 24, 2019","1,350.45","1,318.11","1,365.01","1,304.34",46.14M,1.60%
237,"Mar 17, 2019","1,329.15","1,318.50","1,374.97","1,316.52",41.66M,1.52%
238,"Mar 10, 2019","1,309.24","1,258.12","1,349.21","1,256.09",59.03M,4.31%
239,"Mar 03, 2019","1,255.20","1,211.91","1,267.78","1,207.16",33.62M,3.35%
240,"Feb 24, 2019","1,214.54","1,224.39","1,233.21","1,194.68",48.76M,-0.51%
241,"Feb 17, 2019","1,220.78","1,238.26","1,245.99","1,199.83",41.92M,-0.97%
242,"Feb 10, 2019","1,232.77","1,263.92","1,264.02","1,202.60",37.46M,-2.60%
243,"Feb 03, 2019","1,265.70","1,235.29","1,308.79","1,230.39",46.60M,2.22%
244,"Jan 27, 2019","1,238.21","1,238.76","1,244.16","1,179.92",45.59M,0.32%
245,"Jan 20, 2019","1,234.30","1,182.79","1,252.82","1,177.49",69.78M,5.21%
246,"Jan 13, 2019","1,173.23","1,084.72","1,178.73","1,076.20",54.24M,7.86%
247,"Jan 06, 2019","1,087.74","1,096.60","1,107.95","1,078.38",27.71M,-0.05%
248,"Dec 30, 2018","1,088.33","1,120.33","1,123.20","1,070.95",35.06M,-2.39%
249,"Dec 23, 2018","1,114.98","1,090.56","1,124.59","1,055.64",31.80M,2.30%
250,"Dec 16, 2018","1,089.87","1,105.47","1,136.53","1,085.71",32.66M,-1.08%
251,"Dec 09, 2018","1,101.76","1,099.58","1,117.41","1,045.09",52.49M,-1.91%
252,"Dec 02, 2018","1,123.15","1,163.87","1,163.87","1,097.94",29.94M,-2.89%
253,"Nov 25, 2018","1,156.59","1,098.59","1,174.86","1,087.09",44.98M,5.87%
254,"Nov 18, 2018","1,092.49","1,122.26","1,145.05","1,089.77",26.58M,-2.18%
255,"Nov 11, 2018","1,116.81","1,087.39","1,119.34","1,060.00",38.63M,3.10%
256,"Nov 04, 2018","1,083.18","1,063.37","1,104.53","1,055.00",28.61M,1.73%
257,"Oct 28, 2018","1,064.81","1,036.18","1,083.58","1,036.18",59.69M,2.87%
258,"Oct 21, 2018","1,035.09","1,099.58","1,104.33","1,006.86",61.25M,-5.12%
259,"Oct 14, 2018","1,090.96","1,119.29","1,168.28","1,060.20",55.07M,-2.24%
260,"Oct 07, 2018","1,115.97","1,040.14","1,118.40","1,015.92",68.09M,7.41%
261,"Sep 30, 2018","1,039.00","1,245.89","1,245.89","1,028.40",60.43M,-16.62%
262,"Sep 23, 2018","1,246.14","1,203.05","1,259.76","1,183.78",48.55M,3.32%
263,"Sep 16, 2018","1,206.07","1,239.01","1,239.01","1,172.39",45.13M,-2.84%
264,"Sep 09, 2018","1,241.38","1,263.03","1,265.01","1,217.31",34.20M,-1.99%
265,"Sep 02, 2018","1,266.59","1,233.31","1,269.32","1,197.15",53.76M,2.98%
266,"Aug 26, 2018","1,229.99","1,267.39","1,316.52","1,224.99",50.98M,-2.81%
267,"Aug 19, 2018","1,265.50","1,196.56","1,267.93","1,196.31",29.79M,6.13%
268,"Aug 12, 2018","1,192.45","1,186.31","1,205.77","1,171.59",19.97M,-0.04%
269,"Aug 05, 2018","1,192.89","1,165.65","1,220.13","1,164.31",26.67M,2.32%
270,"Jul 29, 2018","1,165.90","1,119.39","1,191.60","1,117.41",50.82M,4.17%
271,"Jul 22, 2018","1,119.24","1,119.19","1,126.72","1,093.83",29.64M,0.11%
272,"Jul 15, 2018","1,118.05","1,089.47","1,127.81","1,059.56",31.49M,2.62%
273,"Jul 08, 2018","1,089.47",977.83,"1,098.59",974.27,66.99M,12.51%
274,"Jul 01, 2018",968.37,963.22,998.93,948.01,45.03M,0.52%
275,"Jun 24, 2018",963.32,"1,001.90","1,006.96",931.47,39.14M,-3.96%
276,"Jun 17, 2018","1,002.99",999.33,"1,026.27",984.32,46.31M,-0.17%
277,"Jun 10, 2018","1,004.68",977.83,"1,013.89",969.86,37.37M,3.03%
278,"Jun 03, 2018",975.11,924.64,977.29,921.81,31.45M,5.78%
279,"May 27, 2018",921.81,916.22,926.96,898.09,45.51M,1.06%
280,"May 20, 2018",912.15,922.01,926.91,900.61,30.09M,-1.40%
281,"May 13, 2018",925.08,982.64,990.61,923.25,26.20M,-5.60%
282,"May 06, 2018",979.96,949.85,981.99,947.37,21.17M,3.70%
283,"Apr 29, 2018",944.99,972.78,983.28,941.08,22.95M,-4.25%
284,"Apr 22, 2018",986.95,921.27,"1,001.51",919.78,46.75M,7.37%
285,"Apr 15, 2018",919.19,925.68,939.30,912.55,19.86M,-1.17%
286,"Apr 08, 2018",930.03,903.98,932.86,903.98,24.39M,3.06%
287,"Apr 01, 2018",902.45,884.61,909.88,876.94,27.15M,3.21%
288,"Mar 25, 2018",874.41,885.56,902.20,871.74,21.95M,-1.25%
289,"Mar 18, 2018",885.51,892.54,903.39,878.72,40.68M,-0.68%
290,"Mar 11, 2018",891.60,911.36,927.21,877.73,35.87M,-1.43%
291,"Mar 04, 2018",904.53,934.15,941.23,879.71,31.44M,-3.72%
292,"Feb 25, 2018",939.49,930.18,950.89,927.80,40.64M,1.51%
293,"Feb 18, 2018",925.48,912.35,929.19,904.97,23.59M,1.41%
294,"Feb 11, 2018",912.65,894.52,936.87,893.58,26.36M,2.61%
295,"Feb 04, 2018",889.42,885.60,903.93,862.82,38.85M,-0.72%
296,"Jan 28, 2018",895.86,957.13,968.12,892.54,35.59M,-6.37%
297,"Jan 21, 2018",956.83,939.10,981.65,931.17,44.39M,3.72%
298,"Jan 14, 2018",922.55,941.08,949.50,898.48,25.15M,-1.87%
299,"Jan 07, 2018",940.09,917.40,943.85,914.83,26.66M,2.79%
300,"Dec 31, 2017",914.58,914.04,918.20,897.89,22.57M,0.24%
301,"Dec 24, 2017",912.40,916.17,930.08,909.53,22.02M,0.07%
302,"Dec 17, 2017",911.76,903.39,923.89,854.55,26.60M,0.07%
303,"Dec 10, 2017",911.11,913.79,924.19,899.47,32.82M,-0.14%
304,"Dec 03, 2017",912.35,904.92,928.15,887.04,35.45M,1.20%
305,"Nov 26, 2017",901.55,938.35,948.51,899.18,27.77M,-4.31%
306,"Nov 19, 2017",942.17,897.69,950.49,896.50,29.25M,4.30%
307,"Nov 12, 2017",903.34,876.69,916.22,864.80,29.64M,3.17%
308,"Nov 05, 2017",875.55,933.65,933.65,870.94,35.48M,-6.50%
309,"Oct 29, 2017",936.42,925.23,948.81,921.86,23.06M,1.66%
310,"Oct 22, 2017",921.12,904.33,948.81,900.56,36.76M,2.19%
311,"Oct 15, 2017",901.36,870.75,913.24,853.21,41.81M,3.82%
312,"Oct 08, 2017",868.22,831.12,882.34,820.22,36.53M,4.71%
313,"Oct 01, 2017",829.19,787.53,831.47,777.98,28.10M,7.19%
314,"Sep 24, 2017",773.57,807.35,820.18,771.78,41.28M,-4.46%
315,"Sep 17, 2017",809.72,842.02,864.31,805.56,29.06M,-2.90%
316,"Sep 10, 2017",833.90,813.59,853.41,808.88,41.09M,3.05%
317,"Sep 03, 2017",809.23,800.17,824.68,790.43,57.68M,1.47%
318,"Aug 27, 2017",797.49,782.11,800.71,757.82,36.16M,2.68%
319,"Aug 20, 2017",776.66,781.10,789.07,769.28,17.57M,-0.47%
320,"Aug 13, 2017",780.30,773.17,791.32,767.82,23.44M,1.88%
321,"Aug 06, 2017",765.87,808.14,808.14,759.30,26.82M,-4.68%
322,"Jul 30, 2017",803.46,793.45,824.63,788.28,40.59M,1.74%
323,"Jul 23, 2017",789.74,792.49,808.09,781.59,54.54M,0.60%
324,"Jul 16, 2017",785.06,761.28,788.38,748.41,74.28M,3.34%
325,"Jul 09, 2017",759.67,757.82,767.72,736.52,39.32M,2.86%
326,"Jul 02, 2017",738.57,687.58,741.84,679.06,48.30M,8.05%
327,"Jun 25, 2017",683.52,709.28,714.73,681.07,31.78M,-3.89%
328,"Jun 18, 2017",711.18,688.57,715.91,688.57,45.52M,3.39%
329,"Jun 11, 2017",687.88,657.05,691.35,649.34,59.26M,3.98%
330,"Jun 04, 2017",661.58,656.90,670.12,648.35,24.63M,0.83%
331,"May 28, 2017",656.16,662.22,677.55,652.32,32.83M,-0.94%
332,"May 21, 2017",662.37,657.02,665.89,641.47,36.78M,1.40%
333,"May 14, 2017",653.23,671.83,681.99,648.85,23.93M,-2.34%
334,"May 07, 2017",668.88,658.76,678.44,652.99,37.56M,1.67%
335,"Apr 30, 2017",657.89,694.42,694.42,656.28,26.79M,-4.80%
336,"Apr 23, 2017",691.05,697.91,726.98,688.97,47.75M,-0.52%
337,"Apr 16, 2017",694.67,676.09,703.83,672.40,36.02M,2.76%
338,"Apr 09, 2017",675.99,698.38,705.76,667.35,47.62M,-2.97%
339,"Apr 02, 2017",696.70,664.70,717.65,662.25,77.40M,6.49%
340,"Mar 26, 2017",654.25,629.58,662.54,610.88,67.53M,2.65%
341,"Mar 19, 2017",637.33,646.87,646.99,617.42,38.70M,-1.07%
342,"Mar 12, 2017",644.24,653.18,653.78,636.59,41.78M,1.49%
343,"Mar 05, 2017",634.81,628.54,657.27,624.68,96.00M,1.84%
344,"Feb 26, 2017",623.37,589.66,637.85,589.59,113.66M,6.41%
345,"Feb 19, 2017",585.82,530.25,605.26,528.24,99.41M,9.97%
346,"Feb 12, 2017",532.70,511.65,534.04,506.20,35.33M,4.40%
347,"Feb 05, 2017",510.24,513.63,517.54,506.20,27.00M,-0.34%
348,"Jan 29, 2017",511.97,507.66,521.95,507.59,29.74M,0.83%
349,"Jan 22, 2017",507.74,506.10,511.50,501.64,31.77M,-0.07%
350,"Jan 15, 2017",508.08,539.86,541.84,507.14,42.08M,-5.93%
351,"Jan 08, 2017",540.08,533.44,543.60,530.47,18.30M,1.44%
352,"Jan 01, 2017",532.43,536.91,543.35,527.15,18.69M,-0.69%
353,"Dec 25, 2016",536.12,522.22,537.41,517.42,30.87M,2.37%
354,"Dec 18, 2016",523.69,522.55,529.46,520.54,39.79M,0.02%
355,"Dec 11, 2016",523.61,505.46,528.79,505.46,35.91M,2.74%
356,"Dec 04, 2016",509.64,492.83,511.08,488.62,15.06M,3.44%
357,"Nov 27, 2016",492.70,491.84,502.73,487.43,32.72M,0.11%
358,"Nov 20, 2016",492.18,489.14,500.51,486.49,33.85M,0.63%
359,"Nov 13, 2016",489.11,493.57,495.31,482.63,28.53M,-1.42%
360,"Nov 06, 2016",496.17,502.24,509.64,460.63,31.90M,-0.38%
361,"Oct 30, 2016",498.05,520.71,523.02,495.31,16.67M,-4.68%
362,"Oct 23, 2016",522.52,529.98,531.96,516.80,23.12M,-0.87%
363,"Oct 16, 2016",527.10,534.93,543.84,524.23,42.32M,-1.25%
364,"Oct 09, 2016",533.77,551.77,555.73,521.06,22.50M,-2.83%
365,"Oct 02, 2016",549.29,538.40,557.84,533.07,36.19M,2.33%
366,"Sep 25, 2016",536.76,546.52,559.47,528.14,53.01M,-1.73%
367,"Sep 18, 2016",546.22,531.24,549.52,529.48,41.07M,2.53%
368,"Sep 11, 2016",532.73,510.36,541.79,509.74,56.76M,2.97%
369,"Sep 04, 2016",517.37,505.16,520.02,501.77,23.96M,3.08%
370,"Aug 28, 2016",501.92,508.80,531.96,496.44,59.26M,-1.41%
371,"Aug 21, 2016",509.12,501.25,510.56,497.78,21.84M,1.28%
372,"Aug 14, 2016",502.69,513.26,517.49,498.82,20.67M,-2.02%
373,"Aug 07, 2016",513.04,505.16,516.55,495.11,32.70M,1.93%
374,"Jul 31, 2016",503.35,504.22,505.36,487.08,23.01M,0.13%
375,"Jul 24, 2016",502.69,502.24,512.54,498.95,25.40M,0.01%
376,"Jul 17, 2016",502.66,509.17,514.50,492.98,34.44M,0.26%
377,"Jul 10, 2016",501.35,490.85,505.71,488.12,26.63M,3.45%
378,"Jul 03, 2016",484.61,483.17,496.74,483.17,17.69M,0.51%
379,"Jun 26, 2016",482.15,465.83,484.16,465.83,20.15M,2.31%
380,"Jun 19, 2016",471.26,481.51,492.41,462.32,33.37M,-2.40%
381,"Jun 12, 2016",482.87,480.40,488.62,477.00,24.08M,-0.18%
382,"Jun 05, 2016",483.76,475.99,487.58,470.12,33.10M,1.78%
383,"May 29, 2016",475.32,483.62,486.14,468.11,28.11M,-1.54%
384,"May 22, 2016",482.77,464.27,483.86,458.48,31.14M,4.34%
385,"May 15, 2016",462.71,483.91,486.93,461.30,26.49M,-4.49%
386,"May 08, 2016",484.48,482.92,492.43,480.45,28.78M,0.95%
387,"May 01, 2016",479.93,484.90,492.80,478.96,36.07M,-1.40%
388,"Apr 24, 2016",486.74,517.32,517.32,484.83,86.54M,-5.41%
389,"Apr 17, 2016",514.60,527.90,529.58,509.82,29.46M,-2.54%
390,"Apr 10, 2016",528.02,513.63,529.93,511.65,17.31M,2.87%
391,"Apr 03, 2016",513.31,515.12,522.27,506.25,22.19M,0.18%
392,"Mar 27, 2016",512.37,510.16,523.04,503.06,42.28M,0.51%
393,"Mar 20, 2016",509.77,509.15,521.18,506.40,20.70M,0.19%
394,"Mar 13, 2016",508.78,504.77,513.58,498.00,29.67M,1.25%
395,"Mar 06, 2016",502.49,499.02,518.04,499.02,28.20M,0.81%
396,"Feb 28, 2016",498.47,471.18,504.22,463.11,42.67M,5.90%
397,"Feb 21, 2016",470.71,467.62,479.60,466.01,36.98M,0.63%
398,"Feb 14, 2016",467.74,454.69,479.80,453.90,33.42M,4.17%
399,"Feb 07, 2016",449.02,480.99,487.78,439.88,43.84M,-6.63%
400,"Jan 31, 2016",480.89,515.09,516.01,476.19,36.73M,-6.23%
401,"Jan 24, 2016",512.84,500.26,515.12,493.79,33.51M,3.11%
402,"Jan 17, 2016",497.36,532.45,536.89,483.76,68.91M,-6.44%
403,"Jan 10, 2016",531.61,503.21,539.76,500.75,83.43M,4.64%
404,"Jan 03, 2016",508.06,497.78,514.32,488.72,52.12M,1.02%
405,"Dec 27, 2015",502.91,495.60,505.06,494.86,27.62M,1.48%
406,"Dec 20, 2015",495.58,489.31,498.87,487.38,22.49M,0.87%
407,"Dec 13, 2015",491.29,469.35,502.73,468.56,34.04M,4.09%
408,"Dec 06, 2015",472.00,478.19,481.93,452.14,31.35M,-1.29%
409,"Nov 29, 2015",478.19,484.66,489.83,476.11,34.74M,-1.39%
410,"Nov 22, 2015",484.93,470.54,491.59,468.66,27.69M,3.40%
411,"Nov 15, 2015",468.98,458.65,471.93,450.70,27.08M,1.48%
412,"Nov 08, 2015",462.14,462.37,477.97,452.96,20.08M,-2.03%
413,"Nov 01, 2015",471.73,470.04,482.92,462.12,22.04M,0.50%
414,"Oct 25, 2015",469.40,476.43,476.98,460.58,28.22M,-0.83%
415,"Oct 18, 2015",473.34,466.08,482.82,466.08,36.07M,4.77%
416,"Oct 11, 2015",451.79,439.83,453.11,437.30,20.62M,2.79%
417,"Oct 04, 2015",439.51,427.35,454.71,426.88,27.66M,2.62%
418,"Sep 27, 2015",428.29,415.96,432.87,409.17,24.66M,3.27%
419,"Sep 20, 2015",414.74,435.87,439.93,413.46,33.59M,-6.48%
420,"Sep 13, 2015",443.50,426.83,445.53,421.95,30.99M,4.00%
421,"Sep 06, 2015",426.43,415.19,435.22,408.68,28.70M,2.99%
422,"Aug 30, 2015",414.03,432.33,432.33,408.68,41.47M,-4.18%
423,"Aug 23, 2015",432.10,435.87,437.35,405.16,65.47M,-3.92%
424,"Aug 16, 2015",449.71,478.46,478.46,444.29,30.19M,-6.10%
425,"Aug 09, 2015",478.94,487.63,489.76,460.34,22.97M,-1.77%
426,"Aug 02, 2015",487.55,495.80,502.16,483.99,24.72M,-1.75%
427,"Jul 26, 2015",496.22,507.64,510.11,490.35,35.36M,-2.26%
428,"Jul 19, 2015",507.71,509.07,528.91,496.67,29.22M,0.33%
429,"Jul 12, 2015",506.05,496.20,510.73,492.90,26.94M,1.99%
430,"Jul 05, 2015",496.20,493.37,504.67,486.96,32.80M,-0.54%
431,"Jun 28, 2015",498.87,489.31,505.09,481.44,40.58M,0.65%
432,"Jun 21, 2015",495.65,493.79,502.29,487.88,47.14M,0.41%
433,"Jun 14, 2015",493.65,443.25,498.47,440.82,68.35M,12.00%
434,"Jun 07, 2015",440.75,449.14,450.73,432.72,32.18M,-1.97%
435,"May 31, 2015",449.61,435.87,455.09,434.88,38.91M,3.51%
436,"May 24, 2015",434.38,445.77,449.74,431.91,36.93M,-2.97%
437,"May 17, 2015",447.68,433.34,453.40,432.01,24.08M,3.42%
438,"May 10, 2015",432.87,442.23,445.50,424.58,31.49M,-1.77%
439,"May 03, 2015",440.67,429.03,446.67,425.96,41.17M,3.17%
440,"Apr 26, 2015",427.13,435.89,439.58,419.72,35.50M,-1.88%
441,"Apr 19, 2015",435.32,464.25,464.32,429.43,44.37M,-5.17%
442,"Apr 12, 2015",459.07,449.14,467.72,445.16,39.94M,2.49%
443,"Apr 05, 2015",447.93,414.07,450.13,406.84,51.24M,8.17%
444,"Mar 29, 2015",414.10,404.47,415.56,394.49,24.07M,3.00%
445,"Mar 22, 2015",402.04,424.23,427.94,396.96,35.40M,-4.96%
446,"Mar 15, 2015",423.04,421.75,434.23,416.20,30.70M,0.47%
447,"Mar 08, 2015",421.06,438.39,441.69,419.52,30.30M,-3.94%
448,"Mar 01, 2015",438.32,430.42,450.55,423.76,27.88M,3.44%
449,"Feb 22, 2015",423.76,430.89,434.26,414.37,41.28M,-2.01%
450,"Feb 15, 2015",432.45,455.04,457.76,431.56,23.25M,-4.84%
451,"Feb 08, 2015",454.44,446.37,456.08,426.61,22.33M,0.83%
452,"Feb 01, 2015",450.68,453.72,467.47,447.26,33.17M,-0.58%
453,"Jan 25, 2015",453.33,442.26,462.86,436.12,43.89M,3.20%
454,"Jan 18, 2015",439.29,431.01,451.42,425.34,39.50M,1.98%
455,"Jan 11, 2015",430.77,426.21,433.39,411.70,31.15M,1.09%
456,"Jan 04, 2015",426.11,438.34,441.27,412.09,38.17M,-2.85%
457,"Dec 28, 2014",438.62,440.08,445.30,434.43,17.22M,-0.37%
458,"Dec 21, 2014",440.25,446.77,449.14,435.87,21.35M,-1.30%
459,"Dec 14, 2014",446.05,434.85,449.94,425.81,41.24M,2.06%
460,"Dec 07, 2014",437.03,475.49,476.90,435.55,34.42M,-7.83%
461,"Nov 30, 2014",474.18,489.86,491.32,473.07,26.51M,-3.45%
462,"Nov 23, 2014",491.14,495.40,503.90,482.08,33.85M,-0.61%
463,"Nov 16, 2014",494.17,478.46,495.80,478.46,25.30M,2.95%
464,"Nov 09, 2014",480.02,486.79,490.25,477.18,20.92M,-1.16%
465,"Nov 02, 2014",485.65,497.29,499.76,484.43,18.34M,-2.00%
466,"Oct 26, 2014",495.58,477.45,497.14,458.70,44.51M,5.02%
467,"Oct 19, 2014",471.88,464.84,472.77,451.50,25.23M,1.58%
468,"Oct 12, 2014",464.55,476.38,484.90,458.26,31.05M,-2.37%
469,"Oct 05, 2014",475.81,459.27,479.95,456.25,22.55M,3.61%
470,"Sep 28, 2014",459.25,464.08,469.77,458.18,17.90M,-0.65%
471,"Sep 21, 2014",462.24,491.84,493.32,454.34,41.53M,-6.25%
472,"Sep 14, 2014",493.05,499.81,503.13,483.67,27.29M,-1.98%
473,"Sep 07, 2014",503.03,512.10,515.76,499.27,23.94M,-0.98%
474,"Aug 31, 2014",508.01,497.46,513.11,493.13,33.74M,2.70%
475,"Aug 24, 2014",494.66,495.31,499.52,486.88,19.06M,0.04%
476,"Aug 17, 2014",494.46,495.85,506.70,490.40,27.80M,-0.47%
477,"Aug 10, 2014",496.77,487.95,497.78,483.59,19.58M,2.29%
478,"Aug 03, 2014",485.65,485.89,494.61,480.94,29.18M,0.43%
479,"Jul 27, 2014",483.57,505.71,506.97,482.92,28.40M,-4.46%
480,"Jul 20, 2014",506.13,495.31,516.75,492.85,38.03M,4.62%
481,"Jul 13, 2014",483.79,479.75,494.41,474.75,28.53M,1.06%
482,"Jul 06, 2014",478.71,511.65,513.63,477.30,38.21M,-6.34%
483,"Jun 29, 2014",511.13,501.52,513.53,495.31,30.98M,1.96%
484,"Jun 22, 2014",501.30,513.63,526.41,498.62,32.73M,-2.35%
485,"Jun 15, 2014",513.38,536.91,545.65,510.96,39.41M,-4.20%
486,"Jun 08, 2014",535.87,559.69,561.03,531.31,32.69M,-3.61%
487,"Jun 01, 2014",555.93,532.33,561.18,527.13,35.91M,5.42%
488,"May 25, 2014",527.35,560.93,564.65,525.02,38.61M,-5.57%
489,"May 18, 2014",558.43,540.38,560.69,531.83,47.82M,4.47%
490,"May 11, 2014",534.56,492.78,567.25,492.38,69.49M,8.18%
491,"May 04, 2014",494.12,458.16,494.81,458.16,31.64M,7.49%
492,"Apr 27, 2014",459.69,470.44,475.49,458.65,22.37M,-2.12%
493,"Apr 20, 2014",469.67,480.42,489.73,468.56,27.55M,-1.13%
494,"Apr 13, 2014",475.05,470.54,476.38,463.90,13.61M,0.56%
495,"Apr 06, 2014",472.40,467.57,482.38,462.79,22.47M,1.01%
496,"Mar 30, 2014",467.69,453.82,476.95,452.31,46.26M,3.07%
497,"Mar 23, 2014",453.77,441.44,455.66,432.15,68.30M,3.43%
498,"Mar 16, 2014",438.74,440.57,452.39,436.93,40.23M,-0.04%
499,"Mar 09, 2014",438.91,428.49,447.58,427.65,41.00M,1.93%
500,"Mar 02, 2014",430.62,396.29,432.90,394.83,35.18M,8.68%
501,"Feb 23, 2014",396.22,400.23,404.59,392.83,21.41M,-1.42%
502,"Feb 16, 2014",401.94,404.99,407.14,397.78,16.26M,-1.28%
503,"Feb 09, 2014",407.17,403.80,408.92,397.61,23.38M,0.93%
504,"Feb 02, 2014",403.40,409.22,411.00,399.66,23.62M,-2.01%
505,"Jan 26, 2014",411.67,423.98,426.36,407.24,28.35M,-4.21%
506,"Jan 19, 2014",429.75,439.29,440.33,425.05,27.94M,-1.93%
507,"Jan 12, 2014",438.22,430.05,444.24,429.92,32.44M,3.10%
508,"Jan 05, 2014",425.05,427.00,434.04,416.08,30.69M,-0.71%
509,"Dec 29, 2013",428.07,436.36,444.91,423.49,18.80M,-1.66%
510,"Dec 22, 2013",435.30,445.28,450.23,434.33,21.17M,-1.82%
511,"Dec 15, 2013",443.37,425.96,444.78,414.45,30.51M,3.52%
512,"Dec 08, 2013",428.29,436.91,440.18,424.80,18.93M,-0.23%
513,"Dec 01, 2013",429.28,422.50,434.38,421.33,20.77M,1.58%
514,"Nov 24, 2013",422.59,419.70,424.40,413.70,26.72M,1.12%
515,"Nov 17, 2013",417.91,425.02,438.30,415.61,24.25M,-0.93%
516,"Nov 10, 2013",421.83,432.90,436.91,417.10,17.30M,-2.77%
517,"Nov 03, 2013",433.86,447.43,456.52,431.48,18.06M,-3.56%
518,"Oct 27, 2013",449.86,439.83,458.92,437.80,32.82M,2.39%
519,"Oct 20, 2013",439.34,448.57,453.45,435.55,25.84M,-2.06%
520,"Oct 13, 2013",448.57,428.44,449.74,427.55,34.61M,4.90%
521,"Oct 06, 2013",427.62,419.82,429.92,414.07,25.14M,1.05%
522,"Sep 29, 2013",423.19,412.12,425.81,405.01,20.33M,1.73%
523,"Sep 22, 2013",416.01,431.93,438.12,413.70,32.57M,-4.76%
524,"Sep 15, 2013",436.81,438.82,446.27,422.30,34.14M,1.02%
525,"Sep 08, 2013",432.40,432.35,446.27,429.06,28.23M,0.58%
526,"Sep 01, 2013",429.92,422.59,441.66,410.26,37.38M,1.66%
527,"Aug 25, 2013",422.92,407.39,425.96,378.36,46.66M,4.19%
528,"Aug 18, 2013",405.90,407.64,413.43,383.47,36.88M,-0.87%
529,"Aug 11, 2013",409.47,430.42,432.33,404.74,27.16M,-4.50%
530,"Aug 04, 2013",428.76,425.96,436.78,411.18,25.45M,0.97%
531,"Jul 28, 2013",424.65,439.36,445.11,417.34,27.80M,-3.69%
532,"Jul 21, 2013",440.90,453.20,458.16,434.61,31.65M,-3.63%
533,"Jul 14, 2013",457.51,438.84,459.59,437.38,34.90M,3.79%
534,"Jul 07, 2013",440.80,430.92,443.79,415.56,34.68M,1.09%
535,"Jun 30, 2013",436.04,426.95,441.71,419.70,35.57M,2.06%
536,"Jun 23, 2013",427.25,391.29,432.40,385.59,58.19M,8.80%
537,"Jun 16, 2013",392.70,403.92,414.82,388.12,37.84M,-2.68%
538,"Jun 09, 2013",403.50,390.80,406.08,384.01,29.85M,3.96%
539,"Jun 02, 2013",388.12,398.08,398.89,385.92,31.47M,-2.81%
540,"May 26, 2013",399.36,397.61,420.91,396.74,46.99M,2.52%
541,"May 19, 2013",389.53,414.77,423.49,385.94,26.39M,-5.87%
542,"May 12, 2013",413.83,402.86,418.38,394.06,26.24M,2.77%
543,"May 05, 2013",402.66,397.33,414.03,397.33,25.39M,1.56%
544,"Apr 28, 2013",396.49,392.83,404.12,384.93,36.31M,1.02%
545,"Apr 21, 2013",392.48,389.31,409.42,385.50,33.19M,1.38%
546,"Apr 14, 2013",387.13,382.90,401.20,380.99,36.85M,0.81%
547,"Apr 07, 2013",384.03,385.40,394.06,378.49,26.27M,-0.61%
548,"Mar 31, 2013",386.39,386.83,395.75,378.51,24.77M,0.93%
549,"Mar 24, 2013",382.82,406.45,407.81,378.61,27.71M,-4.65%
550,"Mar 17, 2013",401.49,413.58,417.79,398.40,34.48M,-3.92%
551,"Mar 10, 2013",417.86,422.05,430.62,413.70,25.89M,-0.90%
552,"Mar 03, 2013",421.65,400.65,423.34,398.67,27.48M,5.04%
553,"Feb 24, 2013",401.40,427.94,428.41,398.97,38.14M,-6.05%
554,"Feb 17, 2013",427.25,420.02,435.30,413.21,25.75M,1.99%
555,"Feb 10, 2013",418.93,428.44,439.83,413.13,25.51M,-2.06%
556,"Feb 03, 2013",427.72,443.82,446.27,424.48,23.73M,-3.41%
557,"Jan 27, 2013",442.80,451.40,452.29,435.92,32.94M,-2.00%
558,"Jan 20, 2013",451.82,464.65,473.02,448.30,47.00M,1.33%
559,"Jan 13, 2013",445.87,416.55,447.24,415.07,37.78M,7.18%
560,"Jan 06, 2013",416.01,428.79,431.41,414.20,29.37M,-2.55%
561,"Dec 30, 2012",426.88,416.20,428.24,414.47,27.96M,2.57%
562,"Dec 23, 2012",416.18,408.92,419.03,403.72,19.47M,1.82%
563,"Dec 16, 2012",408.75,413.33,418.24,407.24,19.82M,-1.67%
564,"Dec 09, 2012",415.68,413.38,419.42,403.43,25.43M,0.56%
565,"Dec 02, 2012",413.38,393.77,420.86,391.17,29.46M,5.15%
566,"Nov 25, 2012",393.12,383.81,400.21,381.88,24.56M,2.58%
567,"Nov 18, 2012",383.24,383.99,386.68,376.98,26.18M,-0.18%
568,"Nov 11, 2012",383.94,389.24,392.60,381.88,21.05M,-1.59%
569,"Nov 04, 2012",390.13,398.05,400.68,388.81,24.90M,-2.51%
570,"Oct 28, 2012",400.18,397.41,403.62,390.65,27.54M,1.13%
571,"Oct 21, 2012",395.72,393.87,405.51,392.13,23.16M,-0.48%
572,"Oct 14, 2012",397.63,405.65,416.03,394.76,43.16M,-1.97%
573,"Oct 07, 2012",405.61,423.26,423.26,399.91,29.70M,-4.53%
574,"Sep 30, 2012",424.87,416.06,426.95,337.97,27.21M,2.46%
575,"Sep 23, 2012",414.67,421.01,424.87,408.26,41.51M,-1.54%
576,"Sep 16, 2012",421.16,420.07,436.66,410.24,51.21M,1.02%
577,"Sep 09, 2012",416.92,396.24,418.88,387.92,36.09M,6.31%
578,"Sep 02, 2012",392.16,380.39,394.51,376.46,23.47M,3.31%
579,"Aug 26, 2012",379.60,389.31,395.01,377.77,31.75M,-2.01%
580,"Aug 19, 2012",387.38,404.17,408.08,385.69,23.81M,-4.17%
581,"Aug 12, 2012",404.22,386.09,408.58,386.09,27.07M,4.35%
582,"Aug 05, 2012",387.38,370.51,395.75,370.51,45.62M,5.33%
583,"Jul 29, 2012",367.79,358.11,371.92,357.11,24.83M,2.99%
584,"Jul 22, 2012",357.11,354.14,360.01,350.01,25.15M,-0.23%
585,"Jul 15, 2012",357.93,356.62,361.52,352.76,23.70M,0.58%
586,"Jul 08, 2012",355.88,361.08,367.52,354.14,21.76M,-2.22%
587,"Jul 01, 2012",363.97,364.30,367.84,361.00,20.09M,-0.41%
588,"Jun 24, 2012",365.46,353.75,366.97,352.66,29.34M,3.78%
589,"Jun 17, 2012",352.16,361.75,367.99,348.47,32.25M,-2.17%
590,"Jun 10, 2012",359.96,362.91,364.74,352.19,22.74M,-0.40%
591,"Jun 03, 2012",361.42,335.32,362.51,333.54,42.21M,6.48%
592,"May 27, 2012",339.41,342.75,361.10,335.84,45.73M,-0.86%
593,"May 20, 2012",342.35,340.03,348.99,336.58,26.93M,0.38%
594,"May 13, 2012",341.04,345.72,348.10,333.37,33.93M,-1.24%
595,"May 06, 2012",345.33,354.14,357.61,340.92,37.52M,-4.02%
596,"Apr 29, 2012",359.81,365.29,372.17,357.61,22.84M,-2.10%
597,"Apr 22, 2012",367.52,359.52,370.98,358.45,36.94M,1.53%
598,"Apr 15, 2012",361.99,370.04,374.85,360.58,33.57M,-2.76%
599,"Apr 08, 2012",372.25,366.55,377.42,359.74,28.65M,0.61%
600,"Apr 01, 2012",369.99,371.16,377.87,366.06,18.71M,-0.48%
601,"Mar 25, 2012",371.78,368.46,372.96,355.63,50.61M,0.88%
602,"Mar 18, 2012",368.53,386.83,387.82,362.56,44.69M,-3.66%
603,"Mar 11, 2012",382.55,391.29,411.10,380.07,43.48M,-0.19%
604,"Mar 04, 2012",383.27,402.21,403.18,371.97,43.22M,-4.95%
605,"Feb 26, 2012",403.23,407.04,410.06,379.08,48.18M,-0.71%
606,"Feb 19, 2012",406.13,404.91,424.67,403.43,45.90M,0.21%
607,"Feb 12, 2012",405.26,416.60,425.37,398.57,57.27M,-2.97%
608,"Feb 05, 2012",417.67,418.98,428.29,408.18,40.73M,0.59%
609,"Jan 29, 2012",415.21,403.13,417.39,392.38,49.14M,2.18%
610,"Jan 22, 2012",406.35,374.10,410.06,374.05,42.31M,3.50%
611,"Jan 15, 2012",392.60,361.55,396.24,352.16,63.09M,8.32%
612,"Jan 08, 2012",362.46,353.87,372.96,347.93,43.40M,1.98%
613,"Jan 01, 2012",355.41,345.13,362.04,340.35,49.55M,3.55%
614,"Dec 25, 2011",343.22,370.02,380.74,341.27,41.17M,-7.16%
615,"Dec 18, 2011",369.70,356.22,381.26,351.27,46.06M,3.40%
616,"Dec 11, 2011",357.54,376.70,418.33,354.66,56.67M,-4.48%
617,"Dec 04, 2011",374.30,400.38,405.90,372.82,32.63M,-6.94%
618,"Nov 27, 2011",402.21,378.91,403.67,373.01,42.58M,7.73%
619,"Nov 20, 2011",373.36,396.24,398.45,371.97,48.29M,-6.72%
620,"Nov 13, 2011",400.26,441.51,443.79,389.81,39.29M,-8.72%
621,"Nov 06, 2011",438.52,435.37,442.13,421.06,20.09M,0.61%
622,"Oct 30, 2011",435.84,444.78,448.25,423.49,37.06M,-2.23%
623,"Oct 23, 2011",445.77,420.02,447.76,417.12,27.49M,7.69%
624,"Oct 16, 2011",413.95,429.43,430.35,401.87,33.48M,-3.59%
625,"Oct 09, 2011",429.38,398.35,430.77,398.32,38.79M,7.97%
626,"Oct 02, 2011",397.68,391.89,400.21,377.30,40.62M,-0.67%
627,"Sep 25, 2011",400.38,380.99,407.59,370.27,64.95M,4.90%
628,"Sep 18, 2011",381.68,408.63,422.97,378.46,52.65M,-6.67%
629,"Sep 11, 2011",408.95,401.37,421.01,393.89,51.57M,-0.01%
630,"Sep 04, 2011",409.00,393.52,425.47,384.60,68.12M,2.52%
631,"Aug 28, 2011",398.94,362.12,403.03,360.76,39.98M,11.96%
632,"Aug 21, 2011",356.32,362.07,382.38,352.66,40.05M,-1.80%
633,"Aug 14, 2011",362.84,376.43,383.56,357.26,28.78M,-3.73%
634,"Aug 07, 2011",376.88,384.70,394.46,372.96,46.50M,-3.93%
635,"Jul 31, 2011",392.28,415.07,415.51,385.84,39.16M,-4.34%
636,"Jul 24, 2011",410.09,441.81,441.81,407.71,50.18M,-5.20%
637,"Jul 17, 2011",432.57,431.86,439.24,424.75,23.43M,0.02%
638,"Jul 10, 2011",432.50,422.99,434.83,418.88,29.17M,2.15%
639,"Jul 03, 2011",423.41,433.09,435.57,416.40,54.58M,-0.82%
640,"Jun 26, 2011",426.93,429.28,449.24,424.33,40.35M,-1.08%
641,"Jun 19, 2011",431.61,433.39,435.72,410.16,55.47M,0.30%
642,"Jun 12, 2011",430.30,467.20,467.20,428.54,45.71M,-8.02%
643,"Jun 05, 2011",467.82,462.94,475.49,459.72,26.85M,1.06%
644,"May 29, 2011",462.91,470.02,478.96,461.38,26.87M,-1.15%
645,"May 22, 2011",468.29,455.19,471.98,446.27,38.85M,2.41%
646,"May 15, 2011",457.27,470.54,471.23,444.96,37.45M,-2.62%
647,"May 08, 2011",469.55,475.49,478.49,464.57,21.91M,-0.74%
648,"May 01, 2011",473.04,487.33,488.77,465.59,36.83M,-2.92%
649,"Apr 24, 2011",487.26,502.24,505.71,480.45,51.30M,-5.46%
650,"Apr 17, 2011",515.41,504.81,517.45,494.69,24.03M,1.92%
651,"Apr 10, 2011",505.68,501.74,507.61,493.62,20.58M,-0.29%
652,"Apr 03, 2011",507.14,515.12,524.53,505.53,25.43M,-1.21%
653,"Mar 27, 2011",513.33,508.31,527.95,502.39,46.02M,0.95%
654,"Mar 20, 2011",508.48,494.83,510.14,485.94,29.25M,3.38%
655,"Mar 13, 2011",491.84,491.81,522.55,488.67,73.26M,0.10%
656,"Mar 06, 2011",491.37,482.48,497.48,477.47,37.48M,1.00%
657,"Feb 27, 2011",486.49,480.54,492.73,475.49,32.33M,1.65%
658,"Feb 20, 2011",478.59,463.66,499.96,462.71,89.41M,3.28%
659,"Feb 13, 2011",463.38,448.80,476.98,442.85,45.36M,2.81%
660,"Feb 06, 2011",450.70,458.50,464.99,438.39,55.78M,-1.09%
661,"Jan 30, 2011",455.68,450.16,469.30,440.10,59.75M,0.77%
662,"Jan 23, 2011",452.21,492.88,493.27,446.77,48.24M,-7.48%
663,"Jan 16, 2011",488.77,496.79,499.27,472.79,52.28M,-1.47%
664,"Jan 09, 2011",496.05,527.70,530.20,494.31,49.04M,-6.00%
665,"Jan 02, 2011",527.70,527.50,540.58,521.36,45.23M,0.63%
666,"Dec 26, 2010",524.38,524.18,529.38,516.23,23.24M,-0.09%
667,"Dec 19, 2010",524.87,517.59,532.45,517.40,32.82M,0.27%
668,"Dec 12, 2010",523.46,507.22,527.00,500.26,34.10M,3.22%
669,"Dec 05, 2010",507.14,503.16,514.97,484.78,53.27M,1.79%
670,"Nov 28, 2010",498.23,480.20,507.19,476.68,54.04M,4.53%
671,"Nov 21, 2010",476.66,497.04,504.12,474.65,60.70M,-3.40%
672,"Nov 14, 2010",493.45,528.54,528.94,488.92,38.55M,-6.18%
673,"Nov 07, 2010",525.94,551.72,554.99,523.54,37.61M,-3.97%
674,"Oct 31, 2010",547.66,555.24,557.17,526.34,46.84M,0.86%
675,"Oct 24, 2010",542.98,538.89,549.79,532.25,55.99M,1.34%
676,"Oct 17, 2010",535.82,516.23,541.76,511.77,53.50M,3.98%
677,"Oct 10, 2010",515.29,523.04,535.67,512.94,46.04M,-0.89%
678,"Oct 03, 2010",519.90,502.71,522.92,499.76,57.53M,4.14%
679,"Sep 26, 2010",499.22,499.27,505.16,484.46,47.08M,0.62%
680,"Sep 19, 2010",496.12,509.67,519.33,491.39,56.92M,-2.50%
681,"Sep 12, 2010",508.85,481.44,510.86,478.14,60.46M,7.18%
682,"Sep 05, 2010",474.77,461.10,480.30,456.82,38.79M,3.55%
683,"Aug 29, 2010",458.50,471.58,477.87,453.20,54.71M,-2.52%
684,"Aug 22, 2010",470.34,491.37,491.37,468.83,47.81M,-3.95%
685,"Aug 15, 2010",489.68,485.40,492.04,474.68,44.00M,0.98%
686,"Aug 08, 2010",484.95,495.31,498.28,480.45,55.19M,-2.10%
687,"Aug 01, 2010",495.35,503.23,510.66,494.56,41.24M,-0.95%
688,"Jul 25, 2010",500.08,526.76,531.78,498.90,64.47M,-4.79%
689,"Jul 18, 2010",525.25,524.08,530.42,518.88,25.91M,-0.23%
690,"Jul 11, 2010",526.48,525.02,542.09,521.09,30.57M,0.50%
691,"Jul 04, 2010",523.86,529.98,535.87,520.57,25.08M,-1.06%
692,"Jun 27, 2010",529.46,531.96,541.84,523.79,44.57M,0.57%
693,"Jun 20, 2010",526.48,525.52,532.35,516.60,34.84M,0.82%
694,"Jun 13, 2010",522.22,522.50,539.78,519.62,48.94M,0.76%
695,"Jun 06, 2010",518.29,502.73,520.49,492.88,37.49M,1.47%
696,"May 30, 2010",510.76,510.24,519.33,496.96,40.12M,-0.53%
697,"May 23, 2010",513.46,504.22,519.55,486.76,50.14M,4.13%
698,"May 16, 2010",493.10,512.49,512.49,483.47,46.10M,-4.61%
699,"May 09, 2010",516.93,520.57,541.57,512.64,50.66M,1.05%
700,"May 02, 2010",511.55,508.18,525.02,483.42,64.97M,-0.08%
701,"Apr 25, 2010",511.95,534.93,543.75,501.25,50.77M,-5.02%
702,"Apr 18, 2010",538.99,534.83,542.85,519.15,46.68M,0.36%
703,"Apr 11, 2010",537.03,567.12,567.12,530.55,31.91M,-3.60%
704,"Apr 04, 2010",557.07,543.10,569.45,543.10,38.84M,2.99%
705,"Mar 28, 2010",540.90,546.67,549.76,530.62,33.85M,-0.76%
706,"Mar 21, 2010",545.06,526.01,550.28,526.01,37.62M,0.77%
707,"Mar 14, 2010",540.90,506.20,543.10,501.79,50.19M,6.90%
708,"Mar 07, 2010",506.00,505.81,511.65,489.39,42.05M,1.17%
709,"Feb 28, 2010",500.16,487.88,515.12,485.10,35.72M,3.15%
710,"Feb 21, 2010",484.88,492.98,495.31,475.07,36.78M,-0.43%
711,"Feb 14, 2010",486.98,508.68,514.30,483.99,35.44M,-3.15%
712,"Feb 07, 2010",502.81,487.88,505.11,482.92,37.80M,3.41%
713,"Jan 31, 2010",486.24,513.88,523.22,482.92,39.82M,-6.17%
714,"Jan 24, 2010",518.19,519.90,522.25,504.27,43.75M,-0.73%
715,"Jan 17, 2010",521.98,548.30,552.98,509.92,48.48M,-5.12%
716,"Jan 10, 2010",550.16,562.02,569.45,520.07,129.27M,0.69%
717,"Jan 03, 2010",546.40,540.43,569.55,506.13,75.24M,1.16%
718,"Dec 27, 2009",540.15,534.43,542.85,529.73,18.00M,1.32%
719,"Dec 20, 2009",533.10,495.80,536.81,490.35,35.14M,6.81%
720,"Dec 13, 2009",499.09,528.99,536.91,497.78,36.71M,-5.94%
721,"Dec 06, 2009",530.60,538.89,541.91,520.07,37.23M,-1.57%
722,"Nov 29, 2009",539.09,526.26,554.74,522.05,38.14M,4.06%
723,"Nov 22, 2009",518.06,534.93,551.25,500.75,75.12M,-1.48%
724,"Nov 15, 2009",525.84,532.21,535.42,511.40,58.07M,0.18%
725,"Nov 08, 2009",524.90,489.11,531.46,485.80,81.38M,8.28%
726,"Nov 01, 2009",484.78,475.51,489.09,446.33,66.23M,1.37%
727,"Oct 25, 2009",478.25,507.69,512.15,475.99,73.36M,-5.68%
728,"Oct 18, 2009",507.03,555.98,565.46,504.62,52.74M,-7.73%
729,"Oct 11, 2009",549.48,525.02,551.27,525.02,58.31M,5.67%
730,"Oct 04, 2009",520.01,534.90,553.63,516.13,80.44M,-3.43%
731,"Sep 27, 2009",538.48,531.34,548.03,529.98,47.79M,1.84%
732,"Sep 20, 2009",528.74,527.18,531.93,509.67,55.49M,1.54%
733,"Sep 13, 2009",520.70,528.74,549.47,512.89,105.26M,-1.79%
734,"Sep 06, 2009",530.19,491.59,554.72,489.49,89.65M,8.06%
735,"Aug 30, 2009",490.64,511.15,511.15,476.31,59.96M,-4.48%
736,"Aug 23, 2009",513.66,485.40,515.12,482.58,55.44M,7.53%
737,"Aug 16, 2009",477.67,497.53,497.78,462.52,60.98M,-5.29%
738,"Aug 09, 2009",504.33,502.85,511.15,481.26,64.42M,1.94%
739,"Aug 02, 2009",494.75,487.60,526.26,484.93,77.92M,2.17%
740,"Jul 26, 2009",484.26,482.92,494.07,463.36,93.32M,-3.05%
741,"Jul 19, 2009",499.48,485.40,517.27,482.92,70.87M,4.12%
742,"Jul 12, 2009",479.72,433.32,487.48,425.24,80.17M,9.12%
743,"Jul 05, 2009",439.62,507.19,508.18,432.15,102.64M,-12.45%
744,"Jun 28, 2009",502.15,501.74,540.63,490.35,75.14M,-0.08%
745,"Jun 21, 2009",502.54,507.12,507.69,470.54,99.30M,-0.60%
746,"Jun 14, 2009",505.58,584.39,584.39,489.63,114.06M,-13.57%
747,"Jun 07, 2009",584.98,546.57,589.17,538.64,78.16M,6.75%
748,"May 31, 2009",547.99,577.03,577.03,534.93,73.70M,-2.60%
749,"May 24, 2009",562.64,544.84,571.51,527.62,87.66M,3.94%
750,"May 17, 2009",541.31,531.71,627.80,517.84,103.76M,12.05%
751,"May 10, 2009",483.10,475.25,489.21,456.42,83.87M,2.65%
752,"May 03, 2009",470.61,458.40,479.98,454.69,87.64M,5.21%
753,"Apr 26, 2009",447.32,443.55,450.73,428.69,50.45M,0.97%
754,"Apr 19, 2009",443.01,425.96,446.27,417.22,97.20M,4.19%
755,"Apr 12, 2009",425.21,435.86,455.68,421.59,92.44M,-1.08%
756,"Apr 05, 2009",429.86,421.01,437.81,397.48,79.34M,4.48%
757,"Mar 29, 2009",411.44,376.70,416.06,370.24,92.28M,7.27%
758,"Mar 22, 2009",383.55,335.32,392.13,335.32,146.96M,15.65%
759,"Mar 15, 2009",331.66,318.05,337.30,314.77,93.27M,4.28%
760,"Mar 08, 2009",318.05,287.52,320.41,281.87,49.77M,9.77%
761,"Mar 01, 2009",289.73,304.29,312.96,276.21,112.38M,-7.59%
762,"Feb 22, 2009",313.54,305.85,321.21,297.52,65.31M,1.01%
763,"Feb 15, 2009",310.41,342.86,345.98,307.09,79.46M,-9.98%
764,"Feb 08, 2009",344.83,335.57,350.21,332.10,86.77M,3.53%
765,"Feb 01, 2009",333.06,319.47,335.02,314.80,99.70M,1.61%
766,"Jan 25, 2009",327.79,293.72,329.58,289.75,84.71M,14.48%
767,"Jan 18, 2009",286.32,303.28,330.62,274.18,116.95M,-5.03%
768,"Jan 11, 2009",301.48,282.25,304.86,263.75,134.99M,5.56%
769,"Jan 04, 2009",285.61,321.70,344.24,270.85,119.22M,-10.35%
770,"Dec 28, 2008",318.58,297.18,321.92,294.21,93.32M,6.30%
771,"Dec 21, 2008",299.70,323.19,334.93,298.17,64.62M,-10.44%
772,"Dec 14, 2008",334.65,334.08,348.45,315.06,183.28M,3.38%
773,"Dec 07, 2008",323.71,285.35,327.89,274.15,135.28M,16.96%
774,"Nov 30, 2008",276.78,278.68,292.73,253.84,145.66M,-1.48%
775,"Nov 23, 2008",280.95,291.38,294.41,260.28,124.50M,0.90%
776,"Nov 16, 2008",278.45,284.80,302.59,255.60,167.14M,-1.95%
777,"Nov 09, 2008",284.00,309.64,324.12,269.28,126.45M,-6.06%
778,"Nov 02, 2008",302.32,356.37,372.77,285.12,168.61M,-11.25%
779,"Oct 26, 2008",340.63,254.38,345.46,230.32,119.86M,34.91%
780,"Oct 19, 2008",252.48,329.37,352.90,245.18,139.82M,-21.94%
781,"Oct 12, 2008",323.45,385.84,413.08,318.68,127.89M,-14.50%
782,"Oct 05, 2008",378.31,428.19,433.14,365.78,115.39M,-13.28%
783,"Sep 28, 2008",436.23,489.11,491.59,432.31,109.12M,-10.28%
784,"Sep 21, 2008",486.19,520.07,522.55,484.46,100.29M,-4.47%
785,"Sep 14, 2008",508.95,467.99,513.12,437.11,110.79M,6.33%
786,"Sep 07, 2008",478.63,542.36,542.36,475.42,85.47M,-7.12%
787,"Aug 31, 2008",515.34,525.02,557.22,511.40,43.20M,-2.59%
788,"Aug 24, 2008",529.04,546.16,565.89,508.38,64.11M,-4.84%
789,"Aug 17, 2008",555.93,567.12,567.12,543.70,44.88M,-1.40%
790,"Aug 10, 2008",563.83,557.50,588.42,557.50,49.81M,1.11%
791,"Aug 03, 2008",557.66,581.93,581.93,546.07,77.40M,-1.99%
792,"Jul 27, 2008",569.01,532.47,572.82,513.88,64.85M,7.01%
793,"Jul 20, 2008",531.73,532.21,579.12,518.35,86.17M,1.60%
794,"Jul 13, 2008",523.34,495.31,526.76,475.49,77.90M,4.82%
795,"Jul 06, 2008",499.29,517.61,525.02,478.04,73.82M,-3.90%
796,"Jun 29, 2008",519.55,539.88,549.02,492.83,112.60M,-3.88%
797,"Jun 22, 2008",540.54,515.12,559.67,484.47,127.92M,3.98%
798,"Jun 15, 2008",519.87,581.98,581.98,513.95,64.33M,-7.54%
799,"Jun 08, 2008",562.27,540.38,569.58,522.79,94.13M,1.43%
800,"Jun 01, 2008",554.37,601.30,605.26,538.64,92.59M,-6.86%
801,"May 25, 2008",595.23,629.04,641.37,591.95,57.66M,-5.97%
802,"May 18, 2008",633.05,650.09,662.47,631.51,38.62M,-3.02%
803,"May 11, 2008",652.74,621.87,655.78,613.46,47.67M,4.24%
804,"May 04, 2008",626.16,662.50,670.89,621.61,49.09M,-5.47%
805,"Apr 27, 2008",662.41,651.57,749.40,638.94,39.07M,1.92%
806,"Apr 20, 2008",649.96,651.25,663.71,633.09,59.91M,-0.59%
807,"Apr 13, 2008",653.81,622.82,673.12,615.75,41.90M,3.47%
808,"Apr 06, 2008",631.90,558.77,635.72,558.77,63.35M,9.93%
809,"Mar 30, 2008",574.84,570.84,607.44,555.61,57.70M,-1.33%
810,"Mar 23, 2008",582.59,534.93,586.42,526.36,66.73M,8.95%
811,"Mar 16, 2008",534.71,559.97,580.75,525.02,48.76M,-7.04%
812,"Mar 09, 2008",575.20,547.53,601.40,525.61,76.29M,3.31%
813,"Mar 02, 2008",556.78,594.32,594.32,536.48,55.90M,-8.74%
814,"Feb 24, 2008",610.08,617.89,653.31,596.84,49.02M,1.19%
815,"Feb 17, 2008",602.90,643.90,648.35,598.08,35.17M,-6.15%
816,"Feb 10, 2008",642.40,597.83,643.90,553.50,75.16M,6.91%
817,"Feb 03, 2008",600.90,628.05,654.30,591.89,53.21M,-4.58%
818,"Jan 27, 2008",629.72,635.23,655.04,587.18,61.66M,-2.78%
819,"Jan 20, 2008",647.71,688.42,699.62,525.02,130.24M,-6.58%
820,"Jan 13, 2008",693.33,782.33,816.76,688.47,91.70M,-10.49%
821,"Jan 06, 2008",774.56,736.72,777.63,733.05,79.55M,4.50%
822,"Dec 30, 2007",741.22,719.06,747.86,696.23,52.93M,3.39%
823,"Dec 23, 2007",716.92,685.01,725.62,668.17,46.44M,6.68%
824,"Dec 16, 2007",672.04,705.82,715.22,656.66,56.66M,-6.06%
825,"Dec 09, 2007",715.38,705.81,724.63,693.75,60.60M,1.66%
826,"Dec 02, 2007",703.69,715.27,739.99,694.01,51.78M,-0.36%
827,"Nov 25, 2007",706.22,710.12,719.42,685.75,61.00M,1.44%
828,"Nov 18, 2007",696.20,714.51,719.68,659.99,65.93M,-2.45%
829,"Nov 11, 2007",713.65,656.28,725.13,644.39,81.08M,5.39%
830,"Nov 04, 2007",677.18,671.96,694.42,652.07,61.71M,0.78%
831,"Oct 28, 2007",671.96,684.76,706.91,638.20,92.43M,0.56%
832,"Oct 21, 2007",668.24,594.37,672.08,587.38,90.28M,9.27%
833,"Oct 14, 2007",611.53,640.21,740.23,557.47,129.55M,-3.76%
834,"Oct 07, 2007",635.41,620.37,674.78,544.27,111.95M,2.94%
835,"Sep 30, 2007",617.27,572.08,622.85,553.50,75.55M,8.46%
836,"Sep 23, 2007",569.12,569.60,600.80,560.93,73.85M,0.77%
837,"Sep 16, 2007",564.76,502.73,569.35,499.24,52.02M,12.08%
838,"Sep 09, 2007",503.91,484.16,512.86,481.44,43.08M,3.66%
839,"Sep 02, 2007",486.12,485.62,493.82,475.80,39.94M,0.10%
840,"Aug 26, 2007",485.62,450.23,487.88,443.79,63.74M,10.39%
841,"Aug 19, 2007",439.92,445.77,456.92,424.80,61.61M,1.34%
842,"Aug 12, 2007",434.11,451.22,455.68,416.85,50.71M,-3.10%
843,"Aug 05, 2007",448.02,441.56,473.64,433.74,62.97M,0.44%
844,"Jul 29, 2007",446.06,466.82,470.99,443.60,58.96M,-3.55%
845,"Jul 22, 2007",462.49,465.59,482.55,459.40,69.76M,-1.30%
846,"Jul 15, 2007",468.60,440.82,474.25,437.66,62.98M,6.72%
847,"Jul 08, 2007",439.10,421.73,443.47,417.58,39.33M,3.69%
848,"Jul 01, 2007",423.46,422.00,428.85,415.09,44.16M,0.55%
849,"Jun 24, 2007",421.15,422.99,425.96,417.63,45.86M,-0.27%
850,"Jun 17, 2007",422.27,420.46,433.09,412.71,37.41M,1.38%
851,"Jun 10, 2007",416.53,445.77,445.77,411.17,45.88M,1.50%
852,"Jun 03, 2007",410.37,438.10,438.10,407.91,48.36M,-5.38%
853,"May 27, 2007",433.70,430.89,440.82,424.18,41.66M,1.34%
854,"May 20, 2007",427.96,423.49,445.23,421.28,56.61M,1.74%
855,"May 13, 2007",420.63,398.72,422.50,394.63,54.09M,6.88%
856,"May 06, 2007",393.54,397.48,400.70,379.22,50.32M,0.37%
857,"Apr 29, 2007",392.07,383.81,405.16,371.73,39.39M,2.85%
858,"Apr 22, 2007",381.19,382.13,402.83,377.74,65.76M,-0.14%
859,"Apr 15, 2007",381.74,351.20,382.62,350.99,50.05M,9.17%
860,"Apr 08, 2007",349.67,338.05,350.65,337.30,27.19M,3.91%
861,"Apr 01, 2007",336.52,335.57,339.02,323.25,36.97M,-0.84%
862,"Mar 25, 2007",339.36,342.50,342.50,332.49,35.94M,-0.42%
863,"Mar 18, 2007",340.78,322.22,342.70,321.23,31.79M,5.84%
864,"Mar 11, 2007",321.99,329.35,330.52,312.35,47.86M,-1.37%
865,"Mar 04, 2007",326.46,321.95,334.28,309.12,73.29M,0.15%
866,"Feb 25, 2007",325.96,351.67,354.09,323.21,104.96M,-6.87%
867,"Feb 18, 2007",349.99,349.19,357.71,344.48,55.89M,0.45%
868,"Feb 11, 2007",348.43,343.49,350.11,332.35,24.95M,1.09%
869,"Feb 04, 2007",344.68,341.76,348.69,329.38,27.40M,1.22%
870,"Jan 28, 2007",340.53,339.28,345.20,336.46,28.03M,0.32%
871,"Jan 21, 2007",339.43,343.00,345.46,336.23,28.24M,-0.88%
872,"Jan 14, 2007",342.44,338.00,353.65,332.87,66.89M,3.23%
873,"Jan 07, 2007",331.73,320.46,333.09,313.06,65.71M,3.99%
874,"Dec 31, 2006",319.01,315.76,324.92,314.59,35.17M,1.41%
875,"Dec 24, 2006",314.56,318.21,322.69,313.33,41.68M,-0.19%
876,"Dec 17, 2006",315.15,312.04,321.45,304.61,59.22M,1.50%
877,"Dec 10, 2006",310.48,317.00,317.00,291.33,89.20M,-1.22%
878,"Dec 03, 2006",314.31,313.28,324.18,310.95,65.43M,0.64%
879,"Nov 26, 2006",312.30,312.54,314.44,307.06,47.11M,-0.10%
880,"Nov 19, 2006",312.62,303.44,319.60,303.44,41.85M,0.24%
881,"Nov 12, 2006",311.86,318.98,320.96,310.15,31.16M,-2.03%
882,"Nov 05, 2006",318.31,318.48,325.90,307.42,78.95M,-0.19%
883,"Oct 29, 2006",318.90,303.37,321.70,300.19,68.62M,5.32%
884,"Oct 22, 2006",302.80,297.18,303.89,289.75,36.27M,1.59%
885,"Oct 15, 2006",298.06,295.94,302.58,293.86,67.94M,1.08%
886,"Oct 08, 2006",294.88,286.04,296.18,281.95,60.51M,2.40%
887,"Oct 01, 2006",287.98,288.58,291.33,283.07,52.12M,-0.76%
888,"Sep 24, 2006",290.19,287.23,296.39,286.29,66.12M,1.36%
889,"Sep 17, 2006",286.29,283.56,287.00,273.67,72.52M,1.35%
890,"Sep 10, 2006",282.47,280.34,283.31,265.76,83.76M,0.86%
891,"Sep 03, 2006",280.05,278.62,283.81,275.51,59.97M,0.74%
892,"Aug 27, 2006",277.99,275.64,282.30,257.56,67.01M,1.07%
893,"Aug 20, 2006",275.06,261.27,278.61,258.80,73.88M,5.19%
894,"Aug 13, 2006",261.50,251.37,267.09,248.20,57.63M,4.44%
895,"Aug 06, 2006",250.38,239.73,251.37,235.77,65.57M,4.46%
896,"Jul 30, 2006",239.68,244.68,249.63,238.30,71.99M,-1.15%
897,"Jul 23, 2006",242.46,238.24,251.57,233.16,79.61M,1.19%
898,"Jul 16, 2006",239.62,262.02,264.59,236.66,120.77M,-9.50%
899,"Jul 09, 2006",264.77,256.57,272.42,250.40,88.31M,3.64%
900,"Jul 02, 2006",255.48,262.92,272.17,254.15,93.91M,-2.66%
901,"Jun 25, 2006",262.47,251.37,263.50,238.28,153.18M,4.74%
902,"Jun 18, 2006",250.60,227.34,251.74,223.63,104.64M,9.80%
903,"Jun 11, 2006",228.24,227.34,234.77,208.82,144.65M,-0.12%
904,"Jun 04, 2006",228.52,238.24,240.40,199.86,197.97M,-3.69%
905,"May 28, 2006",237.28,238.24,242.20,225.86,125.23M,-0.04%
906,"May 21, 2006",237.37,246.41,247.40,208.03,195.82M,-2.01%
907,"May 14, 2006",242.23,264.99,270.42,238.12,208.53M,-8.32%
908,"May 07, 2006",264.21,276.13,293.32,261.77,185.29M,-2.95%
909,"Apr 30, 2006",272.23,253.84,277.57,252.88,104.50M,8.95%
910,"Apr 23, 2006",249.86,241.46,260.04,235.52,125.62M,3.48%
911,"Apr 16, 2006",241.45,210.50,249.63,209.54,183.39M,15.17%
912,"Apr 09, 2006",209.64,206.29,212.66,203.35,91.81M,1.56%
913,"Apr 02, 2006",206.41,198.37,209.59,198.37,71.74M,4.79%
914,"Mar 26, 2006",196.97,194.65,200.10,194.65,74.07M,1.68%
915,"Mar 19, 2006",193.71,192.35,196.88,187.87,75.34M,0.92%
916,"Mar 12, 2006",191.94,181.16,193.65,180.58,92.53M,5.96%
917,"Mar 05, 2006",181.15,177.57,183.26,176.20,107.52M,2.19%
918,"Feb 26, 2006",177.26,174.10,178.06,172.19,103.58M,1.84%
919,"Feb 19, 2006",174.06,171.87,175.19,170.63,73.23M,1.40%
920,"Feb 12, 2006",171.66,177.07,179.39,170.88,105.50M,-3.68%
921,"Feb 05, 2006",178.21,172.12,179.19,169.27,114.05M,3.30%
922,"Jan 29, 2006",172.51,173.36,178.26,172.12,108.44M,-0.29%
923,"Jan 22, 2006",173.02,173.85,176.82,169.64,141.91M,-0.79%
924,"Jan 15, 2006",174.40,166.54,180.70,143.66,547.37M,5.05%
925,"Jan 08, 2006",166.01,173.11,173.58,161.87,184.33M,-3.86%
926,"Jan 01, 2006",172.68,167.48,175.55,166.95,99.15M,3.53%
927,"Dec 25, 2005",166.79,157.54,168.95,155.10,145.71M,5.50%
928,"Dec 18, 2005",158.09,160.17,163.12,157.58,86.26M,-0.76%
929,"Dec 11, 2005",159.30,162.44,164.01,157.37,83.71M,-1.62%
930,"Dec 04, 2005",161.92,158.86,162.21,155.48,102.43M,2.85%
931,"Nov 27, 2005",157.43,158.67,162.39,155.50,114.33M,-0.39%
932,"Nov 20, 2005",158.04,154.92,159.12,152.85,114.36M,2.00%
933,"Nov 13, 2005",154.94,149.10,156.60,137.85,75.41M,3.86%
934,"Nov 06, 2005",149.18,143.46,150.84,143.46,88.64M,2.28%
935,"Oct 30, 2005",145.86,138.32,146.27,138.32,46.80M,4.87%
936,"Oct 23, 2005",139.09,144.45,146.18,138.32,124.74M,-3.84%
937,"Oct 16, 2005",144.64,145.80,146.55,137.85,154.93M,0.96%
938,"Oct 09, 2005",143.26,147.98,148.71,142.82,84.20M,-3.11%
939,"Oct 02, 2005",147.86,147.23,151.90,145.48,108.81M,-0.65%
940,"Sep 25, 2005",148.83,140.66,152.55,140.66,146.72M,6.13%
941,"Sep 18, 2005",140.24,145.24,157.54,138.62,177.46M,-2.14%
942,"Sep 11, 2005",143.30,139.77,144.01,137.87,92.09M,3.02%
943,"Sep 04, 2005",139.10,137.29,139.82,136.07,65.55M,1.53%
944,"Aug 28, 2005",137.01,132.41,137.40,129.98,105.33M,4.55%
945,"Aug 21, 2005",131.05,133.10,133.84,128.11,118.81M,-0.99%
946,"Aug 14, 2005",132.36,132.13,140.66,130.35,110.46M,0.22%
947,"Aug 07, 2005",132.07,140.63,149.85,131.69,163.10M,-2.97%
948,"Jul 31, 2005",136.11,131.85,142.52,130.63,251.12M,3.18%
949,"Jul 24, 2005",131.91,129.67,133.52,127.57,101.30M,1.99%
950,"Jul 17, 2005",129.33,125.10,129.67,123.45,112.06M,3.44%
951,"Jul 10, 2005",125.03,115.93,125.66,115.93,111.13M,7.47%
952,"Jul 03, 2005",116.34,120.41,121.81,114.27,105.59M,-3.09%
953,"Jun 26, 2005",120.05,121.53,126.60,117.62,169.57M,-2.22%
954,"Jun 19, 2005",122.78,117.22,123.78,115.60,267.60M,9.06%
955,"Jun 12, 2005",112.58,106.32,113.57,105.15,110.23M,5.95%
956,"Jun 05, 2005",106.26,103.90,106.79,102.21,105.01M,2.43%
957,"May 29, 2005",103.74,99.68,104.24,98.35,102.28M,4.11%
958,"May 22, 2005",99.64,98.28,101.16,97.90,87.66M,2.08%
959,"May 15, 2005",97.61,100.81,101.97,96.70,71.69M,-2.94%
960,"May 08, 2005",100.57,103.01,104.23,100.15,56.65M,-2.34%
961,"May 01, 2005",102.98,99.31,103.25,98.40,60.56M,3.98%
962,"Apr 24, 2005",99.04,102.21,104.93,98.48,129.23M,-3.54%
963,"Apr 17, 2005",102.68,98.84,103.12,96.03,97.20M,3.35%
964,"Apr 10, 2005",99.35,104.47,104.47,98.66,45.14M,-4.87%
965,"Apr 03, 2005",104.44,106.34,108.20,103.79,75.71M,-1.37%
966,"Mar 27, 2005",105.89,105.40,107.52,101.11,104.71M,0.82%
967,"Mar 20, 2005",105.03,107.47,108.18,101.15,117.95M,-2.07%
968,"Mar 13, 2005",107.25,110.15,111.01,104.12,89.90M,-2.74%
969,"Mar 06, 2005",110.27,104.13,112.68,104.13,134.94M,2.78%
970,"Feb 27, 2005",107.29,101.31,107.54,100.50,132.65M,5.90%
971,"Feb 20, 2005",101.31,100.20,103.81,99.70,89.37M,1.12%
972,"Feb 13, 2005",100.19,103.51,103.76,99.43,74.75M,-2.41%
973,"Feb 06, 2005",102.66,112.12,112.12,99.15,72.20M,1.91%
974,"Jan 30, 2005",100.74,98.46,102.66,98.03,106.28M,2.85%
975,"Jan 23, 2005",97.95,96.31,98.17,91.90,111.03M,2.11%
976,"Jan 16, 2005",95.93,96.59,97.98,94.56,74.04M,-0.47%
977,"Jan 09, 2005",96.38,102.24,102.76,95.86,112.04M,-5.23%
978,"Jan 02, 2005",101.70,101.16,103.15,96.80,139.09M,1.60%
979,"Dec 26, 2004",100.10,97.53,102.59,94.97,180.79M,1.98%
980,"Dec 19, 2004",98.16,90.96,98.60,88.54,241.60M,8.91%
981,"Dec 12, 2004",90.13,93.59,95.28,89.77,167.46M,-3.74%
982,"Dec 05, 2004",93.63,102.03,102.59,92.96,147.89M,-8.18%
983,"Nov 28, 2004",101.97,93.40,102.76,91.34,224.96M,8.02%
984,"Nov 21, 2004",94.40,97.30,101.05,93.79,193.06M,-4.55%
985,"Nov 14, 2004",98.90,102.59,103.08,98.14,97.63M,-3.34%
986,"Nov 07, 2004",102.32,102.03,103.52,101.01,72.94M,0.97%
987,"Oct 31, 2004",101.34,99.76,110.09,98.60,95.71M,2.12%
988,"Oct 24, 2004",99.24,101.28,112.53,98.89,160.42M,-1.87%
989,"Oct 17, 2004",101.13,102.97,106.34,100.64,93.47M,-1.30%
990,"Oct 10, 2004",102.46,104.09,104.70,99.98,67.87M,-1.47%
991,"Oct 03, 2004",103.99,99.96,105.85,99.96,112.38M,3.98%
992,"Sep 26, 2004",100.01,93.02,100.34,92.22,118.93M,6.89%
993,"Sep 19, 2004",93.56,96.03,96.03,92.85,105.10M,-2.02%
994,"Sep 12, 2004",95.49,92.07,95.65,90.54,93.11M,4.36%
995,"Sep 05, 2004",91.50,89.11,91.67,89.00,85.93M,2.97%
996,"Aug 29, 2004",88.86,86.48,89.91,86.48,79.77M,3.40%
997,"Aug 22, 2004",85.94,87.02,87.46,84.12,133.01M,-1.12%
998,"Aug 15, 2004",86.91,88.93,104.09,86.74,100.21M,-2.83%
999,"Aug 08, 2004",89.44,92.27,93.67,88.39,127.45M,-3.44%
1000,"Aug 01, 2004",92.63,91.52,94.66,90.69,137.17M,1.03%
1001,"Jul 25, 2004",91.69,87.40,91.99,86.29,178.69M,4.85%
1002,"Jul 18, 2004",87.45,79.90,87.90,78.96,164.20M,9.85%
1003,"Jul 11, 2004",79.61,81.96,82.52,77.88,112.05M,-3.29%
1004,"Jul 04, 2004",82.32,81.47,83.82,75.02,145.02M,1.16%
1005,"Jun 27, 2004",81.38,80.74,83.88,80.27,128.67M,0.53%
1006,"Jun 20, 2004",80.95,83.68,84.00,76.74,170.96M,-2.95%
1007,"Jun 13, 2004",83.41,80.46,85.70,79.62,118.77M,3.01%
1008,"Jun 06, 2004",80.97,81.58,85.94,80.65,110.05M,-0.41%
1009,"May 30, 2004",81.30,80.93,84.81,77.36,135.37M,0.18%
1010,"May 23, 2004",81.15,84.40,87.77,79.93,146.26M,-1.55%
1011,"May 16, 2004",82.43,88.15,88.50,71.59,204.04M,-7.88%
1012,"May 09, 2004",89.48,99.35,99.35,88.37,182.98M,-10.39%
1013,"May 02, 2004",99.85,98.84,118.73,96.72,111.57M,1.12%
1014,"Apr 25, 2004",98.74,105.03,117.24,97.94,150.31M,-7.20%
1015,"Apr 18, 2004",106.40,105.68,107.80,102.78,77.35M,0.21%
1016,"Apr 11, 2004",106.18,107.94,109.00,104.17,68.11M,-1.19%
1017,"Apr 04, 2004",107.46,106.34,109.23,105.90,90.51M,1.26%
1018,"Mar 28, 2004",106.12,98.68,121.91,98.42,130.96M,7.63%
1019,"Mar 21, 2004",98.60,95.48,99.46,94.76,150.70M,0.47%
1020,"Mar 14, 2004",98.14,106.35,106.87,96.65,170.27M,-6.99%
1021,"Mar 07, 2004",105.52,110.28,112.53,104.10,98.87M,-4.01%
1022,"Feb 29, 2004",109.93,106.72,110.19,104.33,93.43M,5.67%
1023,"Feb 22, 2004",104.03,110.47,111.40,101.09,192.42M,-5.58%
1024,"Feb 15, 2004",110.18,112.16,114.50,108.79,180.05M,-1.33%
1025,"Feb 08, 2004",111.67,108.50,116.28,108.50,123.73M,3.47%
1026,"Feb 01, 2004",107.92,105.40,108.50,102.95,113.28M,2.65%
1027,"Jan 25, 2004",105.13,105.41,110.51,104.65,146.93M,0.49%
1028,"Jan 18, 2004",104.62,108.99,112.12,98.89,151.87M,-4.01%
1029,"Jan 11, 2004",108.99,108.40,113.64,106.57,126.60M,0.42%
1030,"Jan 04, 2004",108.53,109.72,113.59,105.79,128.98M,-1.11%
1031,"Dec 28, 2003",109.75,99.96,110.45,99.81,158.64M,10.37%
1032,"Dec 21, 2003",99.44,97.74,99.91,81.58,67.36M,1.82%
1033,"Dec 14, 2003",97.66,92.27,98.08,92.27,156.49M,5.99%
1034,"Dec 07, 2003",92.14,91.74,94.53,89.53,147.22M,-0.36%
1035,"Nov 30, 2003",92.47,91.92,96.03,91.11,151.72M,1.23%
1036,"Nov 23, 2003",91.35,86.62,91.88,85.17,83.79M,6.01%
1037,"Nov 16, 2003",86.17,87.61,89.54,83.68,100.32M,-1.17%
1038,"Nov 09, 2003",87.19,95.65,95.65,86.69,99.42M,-3.58%
1039,"Nov 02, 2003",90.43,91.33,94.90,89.97,153.30M,-0.88%
1040,"Oct 26, 2003",91.23,89.09,91.48,85.74,104.45M,3.35%
1041,"Oct 19, 2003",88.27,92.46,92.84,69.39,117.36M,-3.87%
1042,"Oct 12, 2003",91.82,88.31,93.38,87.24,166.53M,3.96%
1043,"Oct 05, 2003",88.32,84.12,88.52,79.24,113.08M,4.98%
1044,"Sep 28, 2003",84.13,95.65,95.65,80.22,96.71M,5.23%
1045,"Sep 21, 2003",79.95,77.25,81.12,74.60,146.01M,5.50%
1046,"Sep 14, 2003",75.78,78.58,78.73,73.52,183.29M,-3.60%
1047,"Sep 07, 2003",78.61,79.16,82.97,78.02,140.20M,-0.17%
1048,"Aug 31, 2003",78.74,74.69,79.07,74.69,134.70M,4.78%
1049,"Aug 24, 2003",75.15,72.39,79.65,68.85,138.67M,4.97%
1050,"Aug 17, 2003",71.59,67.33,72.16,66.58,111.14M,6.44%
1051,"Aug 10, 2003",67.26,67.24,72.92,66.68,72.09M,-1.29%
1052,"Aug 03, 2003",68.14,66.30,68.35,64.44,134.34M,2.33%
1053,"Jul 27, 2003",66.59,65.75,67.87,61.89,146.30M,1.56%
1054,"Jul 20, 2003",65.57,63.99,65.83,61.40,113.50M,3.05%
1055,"Jul 13, 2003",63.63,62.45,65.64,62.45,119.07M,2.60%
1056,"Jul 06, 2003",62.02,62.64,63.30,60.63,77.09M,-0.67%
1057,"Jun 29, 2003",62.44,60.95,63.26,60.50,134.44M,2.51%
1058,"Jun 22, 2003",60.91,62.73,62.73,59.83,116.41M,-3.18%
1059,"Jun 15, 2003",62.91,59.11,63.35,56.48,175.18M,7.19%
1060,"Jun 08, 2003",58.69,59.91,59.91,56.59,83.50M,-0.19%
1061,"Jun 01, 2003",58.80,56.08,59.43,54.62,97.55M,5.00%
1062,"May 25, 2003",56.00,50.64,56.64,50.45,91.49M,10.48%
1063,"May 18, 2003",50.69,50.46,51.61,49.61,50.98M,0.60%
1064,"May 11, 2003",50.39,49.14,50.60,48.43,43.69M,2.92%
1065,"May 04, 2003",48.96,51.58,51.76,48.23,69.00M,-4.54%
1066,"Apr 27, 2003",51.29,50.26,51.67,49.65,51.64M,1.97%
1067,"Apr 20, 2003",50.30,52.51,53.35,50.08,136.82M,-3.58%
1068,"Apr 13, 2003",52.17,54.95,54.99,51.42,48.35M,-5.01%
1069,"Apr 06, 2003",54.92,55.37,56.64,52.91,70.68M,-0.22%
1070,"Mar 30, 2003",55.04,52.72,55.16,51.69,63.25M,2.80%
1071,"Mar 23, 2003",53.54,54.93,54.93,51.98,63.92M,-2.74%
1072,"Mar 16, 2003",55.05,52.14,55.50,51.62,67.58M,5.60%
1073,"Mar 09, 2003",52.13,52.68,53.90,51.41,57.44M,-1.08%
1074,"Mar 02, 2003",52.70,55.33,56.49,52.14,83.93M,-4.67%
1075,"Feb 23, 2003",55.28,55.73,56.97,54.45,121.34M,-0.05%
1076,"Feb 16, 2003",55.31,53.90,55.50,53.84,54.17M,3.81%
1077,"Feb 09, 2003",53.28,52.65,53.43,52.24,47.33M,1.20%
1078,"Feb 02, 2003",52.65,52.89,53.79,51.87,76.05M,2.05%
1079,"Jan 26, 2003",51.59,52.94,58.14,49.38,124.08M,-2.68%
1080,"Jan 19, 2003",53.01,54.87,56.27,52.75,58.88M,-3.32%
1081,"Jan 12, 2003",54.83,55.70,55.76,53.90,55.83M,-1.58%
1082,"Jan 05, 2003",55.71,53.95,56.08,53.29,76.03M,3.15%
1083,"Dec 29, 2002",54.01,55.70,56.55,53.85,78.38M,-3.66%
1084,"Dec 22, 2002",56.06,54.76,57.47,52.93,111.17M,2.79%
1085,"Dec 15, 2002",54.54,56.64,56.64,53.61,91.66M,-2.06%
1086,"Dec 08, 2002",55.69,56.08,57.06,54.01,99.74M,0.27%
1087,"Dec 01, 2002",55.54,54.37,56.59,53.79,133.68M,2.85%
1088,"Nov 24, 2002",54.00,53.36,55.48,52.84,183.08M,0.90%
1089,"Nov 17, 2002",53.52,50.26,54.09,50.09,129.18M,6.40%
1090,"Nov 10, 2002",50.30,48.39,50.59,47.57,107.46M,3.95%
1091,"Nov 03, 2002",48.39,49.34,50.89,47.64,105.45M,0.10%
1092,"Oct 27, 2002",48.34,41.79,50.53,40.90,288.82M,15.56%
1093,"Oct 20, 2002",41.83,45.76,45.80,41.55,43.89M,-8.19%
1094,"Oct 13, 2002",45.56,45.20,46.39,45.01,22.78M,1.38%
1095,"Oct 06, 2002",44.94,44.07,47.08,44.00,30.63M,1.47%
1096,"Sep 29, 2002",44.29,48.25,48.76,44.08,53.23M,-8.45%
1097,"Sep 22, 2002",48.38,48.20,49.13,47.26,31.90M,0.96%
1098,"Sep 15, 2002",47.92,48.76,49.32,47.46,32.09M,-1.36%
1099,"Sep 08, 2002",48.58,49.68,49.89,48.11,44.52M,-2.49%
1100,"Sep 01, 2002",49.82,48.76,50.82,48.76,63.98M,3.96%
1101,"Aug 25, 2002",47.92,46.90,48.76,45.80,37.88M,2.31%
1102,"Aug 18, 2002",46.84,45.78,47.08,45.78,42.48M,2.85%
1103,"Aug 11, 2002",45.54,44.59,45.76,43.94,41.94M,3.48%
1104,"Aug 04, 2002",44.01,45.95,46.30,43.06,53.91M,-3.38%
1105,"Jul 28, 2002",45.55,45.87,47.41,44.79,59.72M,-1.02%
1106,"Jul 21, 2002",46.02,48.20,48.73,45.74,60.08M,-5.56%
1107,"Jul 14, 2002",48.73,50.08,50.13,47.23,44.76M,-2.07%
1108,"Jul 07, 2002",49.76,48.76,52.32,48.76,60.99M,0.77%
1109,"Jun 30, 2002",49.38,50.65,51.39,49.19,29.79M,-2.28%
1110,"Jun 23, 2002",50.53,53.45,53.45,49.70,75.55M,-5.11%
1111,"Jun 16, 2002",53.25,53.62,54.20,52.32,24.77M,0.74%
1112,"Jun 09, 2002",52.86,51.97,54.65,51.97,29.70M,2.58%
1113,"Jun 02, 2002",51.53,50.18,52.05,49.18,40.86M,4.27%
1114,"May 26, 2002",49.42,51.52,51.58,47.96,41.39M,-2.62%
1115,"May 19, 2002",50.75,54.33,54.35,46.62,62.38M,-3.63%
1116,"May 12, 2002",52.66,54.39,54.39,51.60,28.50M,-2.52%
1117,"May 05, 2002",54.02,54.02,55.40,53.47,27.68M,0.06%
1118,"Apr 28, 2002",53.99,54.20,54.38,51.14,38.16M,-0.22%
1119,"Apr 21, 2002",54.11,53.45,59.98,52.56,38.12M,1.33%
1120,"Apr 14, 2002",53.40,55.89,56.24,52.94,28.05M,-4.54%
1121,"Apr 07, 2002",55.94,57.62,57.80,55.21,30.83M,-2.42%
1122,"Mar 31, 2002",57.33,56.57,60.00,55.81,73.79M,1.79%
1123,"Mar 24, 2002",56.32,56.72,56.90,55.30,26.71M,-1.16%
1124,"Mar 17, 2002",56.98,58.27,58.67,55.72,36.83M,-1.37%
1125,"Mar 10, 2002",57.77,58.04,58.04,54.67,61.19M,0.35%
1126,"Mar 03, 2002",57.57,62.64,63.77,57.32,93.12M,-4.76%
1127,"Feb 24, 2002",60.45,59.12,61.94,57.21,86.64M,2.35%
1128,"Feb 17, 2002",59.06,59.64,60.58,58.61,42.42M,-0.22%
1129,"Feb 10, 2002",59.19,58.89,59.98,57.60,63.34M,1.40%
1130,"Feb 03, 2002",58.37,57.48,59.62,54.46,88.73M,3.51%
1131,"Jan 27, 2002",56.39,59.27,60.77,55.81,66.68M,-4.49%
1132,"Jan 20, 2002",59.04,58.70,59.79,57.96,22.81M,1.03%
1133,"Jan 13, 2002",58.44,62.08,64.52,57.86,48.11M,-4.65%
1134,"Jan 06, 2002",61.29,59.83,62.92,59.19,66.19M,1.79%
1135,"Dec 30, 2001",60.21,57.02,61.09,55.37,34.68M,6.34%
1136,"Dec 23, 2001",56.62,57.39,58.70,54.24,25.56M,-2.73%
1137,"Dec 16, 2001",58.21,58.14,58.99,56.75,27.71M,0.02%
1138,"Dec 09, 2001",58.20,58.33,60.01,55.45,41.98M,-0.55%
1139,"Dec 02, 2001",58.52,54.60,60.86,53.64,53.63M,7.61%
1140,"Nov 25, 2001",54.38,55.46,57.18,53.51,34.96M,-0.68%
1141,"Nov 18, 2001",54.75,53.28,58.33,53.28,64.45M,4.99%
1142,"Nov 11, 2001",52.15,49.68,52.46,49.38,29.85M,5.31%
1143,"Nov 04, 2001",49.52,49.40,50.08,47.23,48.01M,0.41%
1144,"Oct 28, 2001",49.32,49.89,50.71,46.56,78.30M,-0.34%
1145,"Oct 21, 2001",49.49,51.90,53.15,49.09,41.63M,-4.57%
1146,"Oct 14, 2001",51.86,49.81,53.77,49.33,72.85M,3.53%
1147,"Oct 07, 2001",50.09,45.39,51.16,45.11,134.18M,6.55%
1148,"Sep 30, 2001",47.01,49.51,50.92,45.41,151.30M,-5.28%
1149,"Sep 23, 2001",49.63,40.79,49.87,38.19,165.39M,22.15%
1150,"Sep 16, 2001",40.63,47.31,52.23,40.50,108.34M,-17.10%
1151,"Sep 09, 2001",49.01,57.58,58.03,49.01,32.84M,-15.08%
1152,"Sep 02, 2001",57.71,58.33,59.64,57.40,25.31M,-1.11%
1153,"Aug 26, 2001",58.36,59.64,60.28,58.06,42.82M,-1.27%
1154,"Aug 19, 2001",59.11,59.08,63.39,58.93,28.54M,-0.76%
1155,"Aug 12, 2001",59.56,63.67,63.94,59.31,42.48M,-6.54%
1156,"Aug 05, 2001",63.73,59.45,64.04,59.13,43.71M,7.13%
1157,"Jul 29, 2001",59.49,57.29,60.44,56.88,50.05M,3.64%
1158,"Jul 22, 2001",57.40,58.14,59.36,56.27,23.47M,-2.50%
1159,"Jul 15, 2001",58.87,63.56,64.14,58.23,29.11M,-8.76%
1160,"Jul 08, 2001",64.52,60.77,65.78,59.28,35.45M,5.61%
1161,"Jul 01, 2001",61.09,69.54,74.08,60.20,47.48M,-11.60%
1162,"Jun 24, 2001",69.11,63.90,70.04,62.93,46.98M,7.61%
1163,"Jun 17, 2001",64.22,66.60,66.96,62.83,56.66M,-4.25%
1164,"Jun 10, 2001",67.07,69.39,70.95,66.22,58.10M,-3.45%
1165,"Jun 03, 2001",69.47,71.64,71.82,66.98,58.30M,-2.59%
1166,"May 27, 2001",71.32,73.89,76.32,70.91,63.43M,-3.37%
1167,"May 20, 2001",73.81,69.77,74.59,69.69,72.34M,4.99%
1168,"May 13, 2001",70.30,66.58,72.22,65.30,74.94M,5.48%
1169,"May 06, 2001",66.65,64.33,67.76,63.68,49.20M,3.40%
1170,"Apr 29, 2001",64.46,65.40,66.28,62.64,37.09M,-0.48%
1171,"Apr 22, 2001",64.77,66.58,68.62,62.38,85.42M,-3.76%
1172,"Apr 15, 2001",67.30,54.88,71.01,54.39,126.93M,20.67%
1173,"Apr 08, 2001",55.77,71.31,71.96,54.78,83.70M,-22.30%
1174,"Apr 01, 2001",71.78,72.49,74.08,70.25,28.05M,-1.75%
1175,"Mar 25, 2001",73.06,71.27,76.12,70.54,55.10M,2.64%
1176,"Mar 18, 2001",71.18,71.46,76.67,68.50,55.78M,-1.17%
1177,"Mar 11, 2001",72.02,76.73,78.49,70.41,72.67M,-6.22%
1178,"Mar 04, 2001",76.80,78.86,79.71,74.76,102.33M,-2.29%
1179,"Feb 25, 2001",78.60,76.93,84.59,74.51,210.92M,1.89%
1180,"Feb 18, 2001",77.14,79.33,80.09,76.63,149.11M,-2.64%
1181,"Feb 11, 2001",79.23,74.32,80.52,74.13,207.83M,5.91%
1182,"Feb 04, 2001",74.81,73.73,75.49,73.19,129.66M,1.11%
1183,"Jan 28, 2001",73.99,71.27,75.96,67.71,179.12M,3.35%
1184,"Jan 21, 2001",71.59,69.21,72.11,69.04,104.23M,3.42%
1185,"Jan 14, 2001",69.22,66.40,70.11,66.02,104.31M,4.09%
1186,"Jan 07, 2001",66.50,67.99,68.92,65.48,91.10M,-2.66%
1187,"Dec 31, 2000",68.32,63.77,68.81,63.58,128.89M,7.47%
1188,"Dec 24, 2000",63.57,63.21,64.12,60.77,58.76M,0.22%
1189,"Dec 17, 2000",63.43,62.83,65.08,61.90,69.57M,0.08%
1190,"Dec 10, 2000",63.38,63.94,66.17,63.07,92.26M,-0.42%
1191,"Dec 03, 2000",63.65,61.69,64.65,61.69,73.71M,3.43%
1192,"Nov 26, 2000",61.54,58.89,62.34,58.80,87.98M,4.71%
1193,"Nov 19, 2000",58.77,58.24,59.43,57.25,50.47M,0.81%
1194,"Nov 12, 2000",58.30,58.15,59.53,56.48,63.49M,-0.10%
1195,"Nov 05, 2000",58.36,59.44,60.52,58.17,78.85M,-1.42%
1196,"Oct 29, 2000",59.20,57.11,60.16,55.20,83.44M,4.19%
1197,"Oct 22, 2000",56.82,55.89,58.14,53.14,76.09M,1.63%
1198,"Oct 15, 2000",55.91,60.20,62.72,53.83,99.97M,-6.35%
1199,"Oct 08, 2000",59.70,63.95,64.99,57.22,61.79M,-6.48%
1200,"Oct 01, 2000",63.84,63.78,65.36,63.12,34.78M,-0.62%
1201,"Sep 24, 2000",64.24,64.15,66.58,62.72,83.08M,1.23%
1202,"Sep 17, 2000",63.46,68.08,68.08,62.64,87.23M,-7.53%
1203,"Sep 10, 2000",68.63,70.29,73.11,68.11,102.17M,-1.34%
1204,"Sep 03, 2000",69.56,63.56,70.33,63.44,140.50M,10.20%
1205,"Aug 27, 2000",63.12,62.55,63.92,61.76,37.00M,0.88%
1206,"Aug 20, 2000",62.57,63.05,64.89,62.13,59.26M,-1.00%
1207,"Aug 13, 2000",63.20,61.70,64.78,60.45,62.42M,2.35%
1208,"Aug 06, 2000",61.75,61.70,63.39,60.79,43.49M,-0.26%
1209,"Jul 30, 2000",61.91,63.39,64.47,61.73,55.73M,-3.04%
1210,"Jul 23, 2000",63.85,63.96,65.79,60.05,125.59M,-1.01%
1211,"Jul 16, 2000",64.50,68.06,68.44,64.19,134.12M,-4.78%
1212,"Jul 09, 2000",67.74,68.08,70.84,67.26,157.32M,0.00%
1213,"Jul 02, 2000",67.74,63.39,68.62,63.39,206.31M,5.98%
1214,"Jun 25, 2000",63.92,62.83,64.84,61.56,108.25M,0.90%
1215,"Jun 18, 2000",63.35,62.59,66.51,60.63,179.54M,1.67%
1216,"Jun 11, 2000",62.31,64.22,64.99,61.42,105.30M,-2.63%
1217,"Jun 04, 2000",63.99,63.34,66.15,63.04,142.98M,1.11%
1218,"May 28, 2000",63.29,59.73,66.92,59.64,150.11M,6.64%
1219,"May 21, 2000",59.35,58.70,59.64,57.86,70.47M,0.27%
1220,"May 14, 2000",59.19,58.53,61.59,57.48,121.47M,-0.10%
1221,"May 07, 2000",59.25,62.08,63.20,58.76,118.09M,-5.79%
1222,"Apr 30, 2000",62.89,65.27,66.51,57.99,212.62M,-2.81%
1223,"Apr 23, 2000",64.71,64.89,68.64,58.45,377.14M,2.15%
1224,"Apr 16, 2000",63.35,53.66,63.78,53.66,243.85M,8.62%
1225,"Apr 09, 2000",58.32,69.37,71.27,58.32,199.31M,-11.72%
1226,"Apr 02, 2000",66.06,61.45,66.06,52.19,355.32M,11.31%
1227,"Mar 26, 2000",59.35,45.57,59.35,45.57,235.49M,31.54%
1228,"Mar 19, 2000",45.12,44.79,46.61,42.69,75.48M,2.43%
1229,"Mar 12, 2000",44.05,41.24,46.47,36.98,150.00M,8.31%
1230,"Mar 05, 2000",40.67,50.35,53.24,40.25,159.06M,-19.23%
1231,"Feb 27, 2000",50.35,60.93,64.30,50.35,173.37M,-18.30%
1232,"Feb 20, 2000",61.63,65.34,66.02,61.16,99.11M,-5.97%
1233,"Feb 13, 2000",65.54,67.33,67.69,64.15,136.60M,-3.82%
1234,"Feb 06, 2000",68.14,63.97,70.14,63.40,181.74M,5.56%
1235,"Jan 30, 2000",64.55,62.73,65.15,61.24,180.61M,1.72%
1236,"Jan 23, 2000",63.46,61.05,64.12,59.69,200.54M,3.68%
1237,"Jan 16, 2000",61.21,59.69,61.59,57.31,261.90M,3.19%
1238,"Jan 09, 2000",59.32,59.53,60.33,52.92,277.03M,0.56%
1239,"Jan 02, 2000",58.99,44.54,59.62,44.54,308.22M,34.96%
1240,"Dec 26, 1999",43.71,42.32,45.48,41.45,60.08M,3.02%
1241,"Dec 19, 1999",42.43,41.83,45.14,41.00,91.30M,1.43%
1242,"Dec 12, 1999",41.83,44.24,44.34,41.27,88.85M,-5.53%
1243,"Dec 05, 1999",44.28,40.89,45.74,40.57,194.61M,8.80%
1244,"Nov 28, 1999",40.70,42.39,42.56,40.55,95.96M,-3.83%
1245,"Nov 21, 1999",42.32,41.85,43.60,41.82,83.33M,0.79%
1246,"Nov 14, 1999",41.99,43.79,44.06,41.46,114.37M,-3.07%
1247,"Nov 07, 1999",43.32,43.51,45.38,42.54,120.23M,-0.66%
1248,"Oct 31, 1999",43.61,44.09,45.09,39.85,194.09M,-1.25%
1249,"Oct 24, 1999",44.16,49.47,49.47,43.76,142.09M,-10.24%
1250,"Oct 17, 1999",49.20,44.26,50.45,43.52,233.47M,12.00%
1251,"Oct 10, 1999",43.93,45.37,46.83,41.64,202.43M,-3.20%
1252,"Oct 03, 1999",45.38,44.82,47.54,42.53,293.52M,1.52%
1253,"Sep 26, 1999",44.70,39.93,46.89,39.21,330.50M,14.03%
1254,"Sep 19, 1999",39.20,35.63,39.21,34.23,176.52M,10.21%
1255,"Sep 12, 1999",35.57,37.32,37.49,34.70,101.50M,-4.10%
1256,"Sep 05, 1999",37.09,34.70,37.59,34.35,196.23M,7.91%
1257,"Aug 29, 1999",34.37,34.87,36.83,34.23,145.04M,-1.01%
1258,"Aug 22, 1999",34.72,33.38,35.52,32.28,147.67M,5.98%
1259,"Aug 15, 1999",32.76,31.49,33.65,31.47,105.13M,4.33%
1260,"Aug 08, 1999",31.40,33.16,33.48,31.32,87.77M,-5.31%
1261,"Aug 01, 1999",33.16,33.40,34.74,32.27,132.19M,-1.28%
1262,"Jul 25, 1999",33.59,33.28,33.99,31.91,152.50M,0.81%
1263,"Jul 18, 1999",33.32,35.04,35.43,32.92,150.15M,-4.12%
1264,"Jul 11, 1999",34.75,34.29,37.47,34.17,263.06M,2.87%
1265,"Jul 04, 1999",33.78,34.08,35.44,32.93,199.99M,-0.15%
1266,"Jun 27, 1999",33.83,33.53,34.20,32.37,203.54M,1.50%
1267,"Jun 20, 1999",33.33,34.60,35.93,32.18,216.73M,-2.97%
1268,"Jun 13, 1999",34.35,33.74,36.79,31.94,217.16M,0.26%
1269,"Jun 06, 1999",34.26,34.32,36.57,33.24,239.24M,-0.72%
1270,"May 30, 1999",34.51,30.14,34.78,30.04,255.65M,18.71%
1271,"May 23, 1999",29.07,30.81,32.68,27.40,250.58M,-7.24%
1272,"May 16, 1999",31.34,33.78,35.79,30.95,318.55M,-8.74%
1273,"May 09, 1999",34.34,29.05,34.34,28.52,298.10M,20.36%
1274,"May 02, 1999",28.53,25.59,29.45,25.18,172.26M,12.15%
1275,"Apr 25, 1999",25.44,22.88,25.87,22.35,120.25M,7.21%
1276,"Apr 18, 1999",23.73,23.06,25.07,22.80,127.35M,-0.13%
1277,"Apr 11, 1999",23.76,22.51,23.76,21.77,47.06M,5.04%
1278,"Apr 04, 1999",22.62,23.63,24.18,22.08,89.00M,-8.16%
1279,"Mar 28, 1999",24.63,22.48,25.15,22.02,67.82M,7.70%
1280,"Mar 21, 1999",22.87,24.59,25.47,22.65,102.28M,-7.97%
1281,"Mar 14, 1999",24.85,25.99,26.76,24.51,120.83M,-3.72%
1282,"Mar 07, 1999",25.81,29.07,29.43,25.55,156.09M,-9.88%
1283,"Feb 28, 1999",28.64,27.19,29.53,26.58,206.56M,9.15%
1284,"Feb 21, 1999",26.24,26.80,26.96,24.38,258.17M,-1.06%
1285,"Feb 14, 1999",26.52,22.90,26.66,22.15,169.00M,15.81%
1286,"Feb 07, 1999",22.90,22.88,23.35,21.87,88.06M,-0.30%
1287,"Jan 31, 1999",22.97,24.66,24.90,22.94,90.65M,-7.68%
1288,"Jan 24, 1999",24.88,24.94,25.98,24.40,94.51M,-1.82%
1289,"Jan 17, 1999",25.34,25.68,26.02,23.77,168.73M,0.04%
1290,"Jan 10, 1999",25.33,27.38,28.44,25.04,223.65M,-3.80%
1291,"Jan 03, 1999",26.33,23.07,26.33,22.94,230.64M,14.88%
1292,"Dec 27, 1998",22.92,22.13,23.36,22.04,140.88M,5.04%
1293,"Dec 20, 1998",21.82,21.43,22.51,21.38,105.21M,3.27%
1294,"Dec 13, 1998",21.13,22.45,22.60,20.94,119.92M,-6.01%
1295,"Dec 06, 1998",22.48,21.28,22.58,21.21,150.92M,5.59%
1296,"Nov 29, 1998",21.29,20.67,21.63,20.55,132.84M,1.38%
1297,"Nov 22, 1998",21.00,22.32,22.36,20.82,127.72M,-6.46%
1298,"Nov 15, 1998",22.45,22.72,23.34,22.04,228.19M,-2.52%
1299,"Nov 08, 1998",23.03,22.51,23.91,21.90,281.76M,3.65%
1300,"Nov 01, 1998",22.22,20.65,22.49,20.27,157.26M,7.03%
1301,"Oct 25, 1998",20.76,20.24,22.15,20.24,141.58M,3.75%
1302,"Oct 18, 1998",20.01,20.20,20.22,18.68,113.09M,-0.45%
1303,"Oct 11, 1998",20.10,20.91,21.21,19.28,152.02M,-3.04%
1304,"Oct 04, 1998",20.73,22.23,22.23,19.89,180.37M,-7.33%
1305,"Sep 27, 1998",22.37,23.88,23.98,22.27,89.99M,-5.77%
1306,"Sep 20, 1998",23.74,22.67,24.04,22.52,168.56M,5.51%
1307,"Sep 13, 1998",22.50,22.19,23.16,22.19,170.45M,1.95%
1308,"Sep 06, 1998",22.07,21.92,22.82,21.46,210.32M,2.60%
1309,"Aug 30, 1998",21.51,20.26,21.52,19.13,160.90M,6.38%
1310,"Aug 23, 1998",20.22,21.71,22.21,20.12,121.98M,-7.08%
1311,"Aug 16, 1998",21.76,22.86,23.07,19.80,212.81M,-3.67%
1312,"Aug 09, 1998",22.59,24.33,24.33,22.52,100.03M,-7.49%
1313,"Aug 02, 1998",24.42,25.33,25.33,24.32,77.75M,-4.24%
1314,"Jul 26, 1998",25.50,25.32,26.35,24.40,82.79M,1.51%
1315,"Jul 19, 1998",25.12,28.40,28.40,24.99,97.67M,-10.32%
1316,"Jul 12, 1998",28.01,28.15,28.96,27.34,86.19M,-0.32%
1317,"Jul 05, 1998",28.10,26.44,28.21,26.29,89.43M,7.33%
1318,"Jun 28, 1998",26.18,26.91,27.55,25.99,84.05M,-2.82%
1319,"Jun 21, 1998",26.94,26.28,27.98,24.48,100.99M,1.13%
1320,"Jun 14, 1998",26.64,28.38,29.73,25.94,115.81M,-6.39%
1321,"Jun 07, 1998",28.46,29.91,30.10,27.38,138.74M,-3.95%
1322,"May 31, 1998",29.63,31.70,33.38,28.85,257.77M,-5.31%
1323,"May 24, 1998",31.29,33.67,34.57,29.73,184.29M,-8.27%
1324,"May 17, 1998",34.11,33.47,34.78,33.47,111.27M,2.65%
1325,"May 10, 1998",33.23,35.55,35.87,31.90,155.92M,-6.74%
1326,"May 03, 1998",35.63,36.10,36.67,35.47,68.03M,-1.03%
1327,"Apr 26, 1998",36.00,35.98,37.13,34.53,155.77M,0.19%
1328,"Apr 19, 1998",35.93,37.45,38.78,35.08,177.22M,-3.67%
1329,"Apr 12, 1998",37.30,36.03,37.49,35.34,106.66M,2.02%
1330,"Apr 05, 1998",36.56,34.84,38.01,34.34,130.33M,5.39%
1331,"Mar 29, 1998",34.69,34.01,34.88,32.63,142.70M,2.54%
1332,"Mar 22, 1998",33.83,33.48,34.68,33.29,131.38M,1.71%
1333,"Mar 15, 1998",33.26,32.05,33.88,32.05,165.28M,4.13%
1334,"Mar 08, 1998",31.94,31.26,34.40,31.26,229.06M,2.73%
1335,"Mar 01, 1998",31.09,30.16,32.24,29.75,147.37M,3.46%
1336,"Feb 22, 1998",30.05,28.34,30.24,28.24,103.97M,6.56%
1337,"Feb 15, 1998",28.20,28.48,29.15,28.02,74.55M,-0.32%
1338,"Feb 08, 1998",28.29,29.42,29.86,27.82,84.06M,-3.55%
1339,"Feb 01, 1998",29.33,29.07,30.02,28.76,96.11M,1.42%
1340,"Jan 25, 1998",28.92,29.05,29.05,27.50,82.96M,-0.14%
1341,"Jan 18, 1998",28.96,29.35,30.79,28.85,86.97M,-1.76%
1342,"Jan 11, 1998",29.48,30.59,30.59,28.70,121.18M,-4.16%
1343,"Jan 04, 1998",30.76,31.91,32.73,30.58,137.88M,-3.12%
1344,"Dec 28, 1997",31.75,31.23,32.12,30.81,99.98M,1.67%
1345,"Dec 21, 1997",31.23,30.37,31.37,29.96,99.26M,3.58%
1346,"Dec 14, 1997",30.15,28.16,30.55,27.69,189.13M,6.84%
1347,"Dec 07, 1997",28.22,30.78,31.80,28.07,242.08M,-7.87%
1348,"Nov 30, 1997",30.63,29.46,32.16,28.79,272.76M,2.96%
1349,"Nov 23, 1997",29.75,28.88,31.41,27.59,264.27M,2.06%
1350,"Nov 16, 1997",29.15,31.01,31.56,28.38,175.34M,-5.23%
1351,"Nov 09, 1997",30.76,33.31,33.31,30.34,123.68M,-8.15%
1352,"Nov 02, 1997",33.49,68.09,69.73,33.22,152.98M,-50.74%
1353,"Oct 26, 1997",67.99,71.44,73.75,63.88,203.47M,83.11%
1354,"Oct 19, 1997",37.13,37.98,39.37,36.60,555.22M,-2.55%
1355,"Oct 12, 1997",38.10,40.31,41.34,36.67,845.07M,-3.62%
1356,"Oct 05, 1997",39.53,34.16,39.54,34.06,407.90M,16.81%
1357,"Sep 28, 1997",33.84,33.38,34.09,33.28,196.39M,2.58%
1358,"Sep 21, 1997",32.99,32.47,33.27,31.41,275.08M,1.38%
1359,"Sep 14, 1997",32.54,32.32,33.22,32.22,187.02M,0.46%
1360,"Sep 07, 1997",32.39,32.07,32.95,31.88,249.92M,0.00%
1361,"Aug 31, 1997",32.39,31.02,32.57,30.95,391.04M,4.59%
1362,"Aug 24, 1997",30.97,32.42,33.75,30.75,361.70M,-5.17%
1363,"Aug 17, 1997",32.66,34.88,34.88,32.59,249.88M,-6.58%
1364,"Aug 10, 1997",34.96,34.88,36.15,34.72,274.98M,0.03%
1365,"Aug 03, 1997",34.95,34.23,35.45,33.93,344.49M,2.46%
1366,"Jul 27, 1997",34.11,33.01,34.20,32.73,311.44M,3.68%
1367,"Jul 20, 1997",32.90,32.35,34.22,32.09,378.75M,0.24%
1368,"Jul 13, 1997",32.82,33.39,33.57,32.26,310.87M,-2.44%
1369,"Jul 06, 1997",33.64,33.57,34.88,33.20,399.82M,-0.06%
1370,"Jun 29, 1997",33.66,34.23,35.34,33.45,499.99M,-2.89%
1371,"Jun 22, 1997",34.66,34.09,36.57,33.02,853.37M,2.76%
1372,"Jun 15, 1997",33.73,30.09,34.27,29.38,597.61M,11.39%
1373,"Jun 08, 1997",30.28,28.70,30.81,28.55,471.27M,4.78%
1374,"Jun 01, 1997",28.90,28.46,29.56,28.18,498.73M,2.37%
1375,"May 25, 1997",28.23,27.12,28.36,26.34,465.04M,3.71%
1376,"May 18, 1997",27.22,27.94,28.24,26.88,276.43M,-1.52%
1377,"May 11, 1997",27.64,28.23,28.30,27.02,319.98M,-2.16%
1378,"May 04, 1997",28.25,28.25,28.51,27.97,224.68M,-1.33%
1379,"Apr 27, 1997",28.63,28.60,29.52,28.42,240.27M,-0.03%
1380,"Apr 20, 1997",28.64,26.40,29.82,26.36,588.27M,9.19%
1381,"Apr 13, 1997",26.23,25.11,26.34,24.72,158.66M,4.46%
1382,"Apr 06, 1997",25.11,24.92,25.80,24.03,333.76M,0.40%
1383,"Mar 30, 1997",25.01,25.43,25.49,22.51,386.28M,-8.52%
1384,"Mar 23, 1997",27.34,27.27,27.75,26.82,276.67M,1.03%
1385,"Mar 16, 1997",27.06,26.44,27.69,26.00,582.75M,2.81%
1386,"Mar 09, 1997",26.32,27.61,27.61,25.13,676.18M,-6.67%
1387,"Mar 02, 1997",28.20,28.80,30.00,27.80,482.27M,2.36%
1388,"Feb 23, 1997",27.55,24.78,28.04,23.73,419.41M,10.33%
1389,"Feb 16, 1997",24.97,26.02,26.26,24.89,341.58M,-2.80%
1390,"Feb 09, 1997",25.69,25.67,26.09,25.12,338.91M,0.12%
1391,"Feb 02, 1997",25.66,24.33,25.83,23.44,617.19M,2.19%
1392,"Jan 26, 1997",25.11,24.85,27.01,24.71,709.36M,3.33%
1393,"Jan 19, 1997",24.30,22.88,24.49,21.39,361.91M,6.35%
1394,"Jan 12, 1997",22.85,20.63,24.82,20.49,444.21M,9.49%
1395,"Jan 05, 1997",20.87,20.44,21.09,20.05,288.32M,2.71%
1396,"Dec 29, 1996",20.32,19.76,20.68,19.23,228.45M,8.03%
1397,"Dec 22, 1996",18.81,19.22,19.22,18.61,104.08M,-1.67%
1398,"Dec 15, 1996",19.13,17.75,19.27,17.75,305.03M,8.45%
1399,"Dec 08, 1996",17.64,17.07,18.32,16.74,220.65M,2.74%
1400,"Dec 01, 1996",17.17,16.90,17.48,16.57,204.41M,1.00%
1401,"Nov 24, 1996",17.00,16.62,18.25,16.29,348.51M,1.92%
1402,"Nov 17, 1996",16.68,17.58,18.09,16.57,249.75M,-4.69%
1403,"Nov 10, 1996",17.50,17.14,17.62,16.95,121.30M,-0.28%
1404,"Nov 03, 1996",17.55,18.29,18.29,16.52,323.15M,-4.88%
1405,"Oct 27, 1996",18.45,20.16,20.26,18.33,232.35M,-8.03%
1406,"Oct 20, 1996",20.06,18.40,20.71,18.40,489.56M,9.80%
1407,"Oct 13, 1996",18.27,18.12,18.57,17.42,344.06M,-0.16%
1408,"Oct 06, 1996",18.30,17.93,18.61,16.93,304.75M,2.35%
1409,"Sep 29, 1996",17.88,17.54,18.28,17.39,221.36M,1.36%
1410,"Sep 22, 1996",17.64,18.38,18.85,17.55,240.20M,-4.44%
1411,"Sep 15, 1996",18.46,18.67,19.46,17.95,286.94M,-1.60%
1412,"Sep 08, 1996",18.76,19.59,19.60,18.61,239.60M,-4.24%
1413,"Sep 01, 1996",19.59,19.89,20.15,19.23,226.42M,-1.26%
1414,"Aug 25, 1996",19.84,19.83,20.11,19.32,302.63M,-0.90%
1415,"Aug 18, 1996",20.02,19.27,20.39,18.21,491.82M,3.41%
1416,"Aug 11, 1996",19.36,19.60,19.78,19.18,205.59M,-0.77%
1417,"Aug 04, 1996",19.51,19.37,19.99,18.86,401.10M,0.46%
1418,"Jul 28, 1996",19.42,19.77,20.63,18.55,637.69M,-0.46%
1419,"Jul 21, 1996",19.51,22.04,23.56,18.98,711.92M,-14.32%
1420,"Jul 14, 1996",22.77,15.85,22.78,15.58,1.35B,42.76%
1421,"Jul 07, 1996",15.95,17.91,19.41,15.81,725.70M,-9.12%
1422,"Jun 30, 1996",17.55,19.79,20.41,17.27,913.76M,-12.38%
1423,"Jun 23, 1996",20.03,20.73,20.91,19.47,649.09M,-4.16%
1424,"Jun 16, 1996",20.90,23.09,23.09,20.78,339.06M,-9.21%
1425,"Jun 09, 1996",23.02,22.83,23.11,22.40,250.04M,0.48%
1426,"Jun 02, 1996",22.91,22.79,23.58,22.30,604.62M,2.51%
1427,"May 26, 1996",22.35,22.60,22.93,21.15,697.79M,-1.93%
1428,"May 19, 1996",22.79,23.16,23.20,22.46,470.89M,-2.86%
1429,"May 12, 1996",23.46,22.93,24.43,22.80,928.56M,3.67%
1430,"May 05, 1996",22.63,23.82,23.95,22.18,905.66M,-7.25%
1431,"Apr 28, 1996",24.40,22.69,25.31,22.30,676.55M,6.46%
1432,"Apr 21, 1996",22.92,23.26,24.62,21.80,846.47M,-0.48%
1433,"Apr 14, 1996",23.03,20.63,23.49,20.59,755.35M,13.78%
1434,"Apr 07, 1996",20.24,19.81,20.40,19.58,401.07M,3.48%
1435,"Mar 31, 1996",19.56,19.48,20.29,19.32,332.68M,0.82%
1436,"Mar 24, 1996",19.40,19.22,19.76,18.15,591.70M,2.21%
1437,"Mar 17, 1996",18.98,20.39,20.44,18.05,879.38M,-7.86%
1438,"Mar 10, 1996",20.60,20.26,22.32,20.18,931.85M,0.24%
1439,"Mar 03, 1996",20.55,20.07,21.12,19.54,783.83M,2.85%
1440,"Feb 25, 1996",19.98,21.52,21.97,19.56,846.64M,-6.15%
1441,"Feb 18, 1996",21.29,21.76,22.06,20.16,668.07M,-0.33%
1442,"Feb 11, 1996",21.36,21.66,22.97,20.45,1.10B,-3.87%
1443,"Feb 04, 1996",22.22,20.16,22.69,17.73,1.49B,16.27%
1444,"Jan 28, 1996",19.11,14.35,19.32,14.26,1.13B,32.62%
1445,"Jan 21, 1996",14.41,16.05,16.48,14.32,405.27M,-9.94%
1446,"Jan 14, 1996",16.00,17.54,17.63,15.89,409.11M,-9.04%
1447,"Jan 07, 1996",17.59,18.94,18.96,17.04,471.91M,-7.32%
1448,"Dec 31, 1995",18.98,19.22,20.34,18.82,249.64M,-1.09%
1449,"Dec 24, 1995",19.19,19.33,19.88,18.91,291.96M,-1.64%
1450,"Dec 17, 1995",19.51,18.90,20.34,18.57,373.10M,2.74%
1451,"Dec 10, 1995",18.99,19.08,20.06,18.51,491.88M,-3.60%
1452,"Dec 03, 1995",19.70,22.13,22.88,19.00,604.82M,-12.37%
1453,"Nov 26, 1995",22.48,21.19,23.26,18.29,436.97M,6.79%
1454,"Nov 19, 1995",21.05,21.67,22.01,20.16,211.66M,-3.35%
1455,"Nov 12, 1995",21.78,23.02,23.44,20.97,286.33M,-5.10%
1456,"Nov 05, 1995",22.95,24.67,25.03,22.53,255.89M,-6.56%
1457,"Oct 29, 1995",24.56,23.17,25.13,22.25,313.46M,7.48%
1458,"Oct 22, 1995",22.85,24.29,24.33,21.97,98.87M,-6.51%
1459,"Oct 15, 1995",24.44,25.78,25.98,24.24,62.87M,-5.20%
1460,"Oct 08, 1995",25.78,26.67,26.71,25.53,77.76M,-3.34%
1461,"Oct 01, 1995",26.67,26.07,27.19,26.07,47.67M,3.65%
1462,"Sep 24, 1995",25.73,24.85,26.07,24.85,27.02M,2.67%
1463,"Sep 17, 1995",25.06,24.57,25.16,24.48,18.52M,2.20%
1464,"Sep 10, 1995",24.52,24.94,25.03,24.26,35.99M,-1.45%
1465,"Sep 03, 1995",24.88,24.76,25.27,24.10,68.41M,0.44%
1466,"Aug 27, 1995",24.77,24.66,24.80,24.05,32.92M,0.32%
1467,"Aug 20, 1995",24.69,25.18,25.74,24.66,45.10M,-1.75%
1468,"Aug 13, 1995",25.13,24.59,25.20,24.34,34.68M,1.95%
1469,"Aug 06, 1995",24.65,25.41,25.55,24.55,62.42M,-1.95%
1470,"Jul 30, 1995",25.14,25.79,26.26,24.48,111.71M,-3.42%
1471,"Jul 23, 1995",26.03,26.26,28.41,25.62,95.89M,0.00%
1472,"Jul 16, 1995",26.03,24.97,26.09,24.76,44.43M,5.00%
1473,"Jul 09, 1995",24.79,24.54,24.93,21.23,22.99M,1.56%
1474,"Jul 02, 1995",24.41,24.59,24.76,23.73,36.69M,-1.29%
1475,"Jun 25, 1995",24.73,25.13,25.48,24.42,30.56M,-1.90%
1476,"Jun 18, 1995",25.21,25.79,25.91,25.18,27.19M,-1.29%
1477,"Jun 11, 1995",25.54,25.62,25.98,24.80,55.13M,-0.31%
1478,"Jun 04, 1995",25.62,25.79,26.54,25.23,68.52M,-1.23%
1479,"May 28, 1995",25.94,24.59,26.63,24.48,63.94M,5.36%
1480,"May 21, 1995",24.62,24.85,25.51,24.06,48.68M,-4.65%
1481,"May 14, 1995",25.82,22.65,26.26,22.06,45.31M,13.44%
1482,"May 07, 1995",22.76,23.05,23.70,22.27,22.58M,-1.68%
1483,"Apr 30, 1995",23.15,23.40,23.73,21.15,29.25M,-1.20%
1484,"Apr 23, 1995",23.43,26.26,26.28,23.12,17.04M,-10.61%
1485,"Apr 16, 1995",26.21,26.63,26.82,25.72,12.22M,-0.42%
1486,"Apr 09, 1995",26.32,26.44,26.47,25.79,6.80M,-0.72%
1487,"Apr 02, 1995",26.51,25.04,27.01,24.57,15.66M,6.51%
1488,"Mar 26, 1995",24.89,24.83,25.74,24.19,14.49M,2.18%
1489,"Mar 19, 1995",24.36,23.91,25.06,23.44,16.42M,-2.68%
1490,"Mar 12, 1995",25.03,26.44,27.19,23.44,36.11M,-6.81%
1491,"Mar 05, 1995",26.86,26.82,27.85,25.41,17.20M,0.34%
1492,"Feb 26, 1995",26.77,24.71,27.34,24.19,19.57M,7.04%
1493,"Feb 19, 1995",25.01,23.91,26.44,22.25,15.43M,4.43%
1494,"Feb 12, 1995",23.95,25.32,25.76,23.44,9.00M,-5.37%
1495,"Feb 05, 1995",25.31,26.26,26.35,24.57,10.89M,-3.29%
1496,"Jan 29, 1995",26.17,23.44,26.50,23.26,15.85M,8.91%
1497,"Jan 22, 1995",24.03,25.74,25.74,22.05,9.30M,-5.95%
1498,"Jan 15, 1995",25.55,27.01,27.57,25.41,5.85M,-4.84%
1499,"Jan 08, 1995",26.85,29.94,29.94,26.02,10.74M,-9.60%
1500,"Jan 01, 1995",29.70,31.98,32.16,29.54,1.90M,-7.19%
1501,"Dec 25, 1994",32.00,31.79,32.33,31.54,565.71K,-1.02%
1502,"Dec 18, 1994",32.33,32.35,32.40,31.60,1.11M,0.22%
1503,"Dec 11, 1994",32.26,33.29,33.34,30.85,2.97M,-5.23%
1504,"Dec 04, 1994",34.04,35.03,35.87,33.62,1.80M,-3.02%
1505,"Nov 27, 1994",35.10,35.40,36.29,34.93,1.28M,-1.38%
1506,"Nov 20, 1994",35.59,36.10,36.29,34.42,1.41M,-2.06%
1507,"Nov 13, 1994",36.34,34.98,36.57,33.45,2.09M,3.98%
1508,"Nov 06, 1994",34.95,37.13,37.42,34.65,2.40M,-5.87%
